Ob,NBA_Country,Age,TM,G,MP,PER,TS.,X3PAr,FTr,ORB.,DRB.,TRB.,AST.,STL.,BLK.,TOV.,USG.,OWS,DWS,WS,WS.48,OBPM,DBPM,BPM,VORP,Rk,Pos,GS,FG,FGA,FG.,X3P,X3PA,X3P.,X2P,X2PA,X2P.,FT,FTA,FT.,ORB,DRB,TRB,AST,STL,BLK,TOV,PF,PTS,Ortg,DRtg,Team.Rk,Team,T.Conf,T.Div,T.W,T.L,T.W.L.PERC,T.MOV,T.Ortg,T.DRtg,NRtg,MOV.A,Ortg.A,DRtg.A,NRtg.A
1,Australia,33,LAL,23,216,10.9,0.696,0,0.08,12.9,25.5,19.3,9.1,0.9,4.9,42.3,8.8,0.1,0.3,0.4,0.094,-3.6,3.6,0,0.1,56,C,5,3.8,5.5,0.68,0,0,0.34,3.8,5.5,0.68,0.4,0.4,1,5.8,11.5,17.3,3.3,0.9,2.9,4.2,8.9,8,106,104,21,Los Angeles Lakers,W,P,35,47,0.427,-1.55,107.1,108.64,-1.54,-1.43,106.96,108.39,-1.43
2,USA,27,TOT,36,687,13.9,0.469,0.305,0.262,2,12.2,7,29.5,2,0.8,12,25.1,-0.1,0.3,0.2,0.016,-0.8,-1.8,-2.7,-0.1,249,PG,10,8.6,22.4,0.383,1.8,6.8,0.265,6.8,15.5,0.435,4.5,5.9,0.762,0.9,5.4,6.3,8.8,2,0.5,3.4,3.3,23.4,99,113,2,Toronto Raptors,E,A,59,23,0.72,7.78,114.6,106.56,8.03,7.3,114.5,106.96,7.54
3,USA,27,TOT,46,1433,9.7,0.496,0.325,0.131,1.7,7.3,4.5,10.4,1.8,0.5,13.3,23.5,-1.4,1.3,-0.1,-0.005,-2.8,-1.3,-4.1,-0.8,61,SG,40,9.2,22.4,0.409,2.9,7.6,0.381,6.3,14.8,0.423,2.4,3.1,0.763,0.7,3,3.7,3.3,1.8,0.3,3.7,3.1,23.6,92,110,19,Detroit Pistons,E,C,39,43,0.476,-0.15,107.95,108.14,-0.19,-0.26,107.84,108.14,-0.3
4,USA,28,NOP,78,2468,11.9,0.587,0.364,0.079,2.5,7.5,5.1,10,1.5,0.4,10.7,16.2,2.4,1.5,3.9,0.075,0.5,-0.8,-0.4,1,349,SG,80,7.8,15.4,0.508,2.4,5.6,0.425,5.4,9.8,0.556,0.9,1.3,0.706,1.1,3.3,4.4,3.5,1.5,0.2,1.9,3.4,18.9,111,112,12,New Orleans Pelicans,W,SW,48,34,0.585,1.3,110.29,109.05,1.24,1.48,110.37,108.95,1.42
5,USA,24,GSW,29,597,13.4,0.6,0.41,0.102,1.6,10.1,6.2,16.7,0.9,0.1,10.8,17.7,1,0.4,1.4,0.11,0.7,-2.7,-2,0,108,PG,18,7.9,16.4,0.484,3,6.8,0.442,4.9,9.6,0.514,1.4,1.6,0.88,0.7,4.7,5.3,5.8,0.8,0.1,2.1,3.8,20.3,115,113,3,Golden State Warriors,W,P,58,24,0.707,5.98,114.31,108.43,5.88,5.79,114.33,108.62,5.7
6,Turkey,20,PHI,12,69,6.5,0.446,0.625,0.167,3.3,13.6,8.6,6,1.4,1.2,7.2,17.2,0,0.1,0,0.034,-3.7,-1.6,-5.3,-0.1,276,SG,0,4.8,16.8,0.286,3,10.2,0.294,1.8,6.6,0.273,1.2,2.4,0.5,1.2,5.4,6.6,2.4,1.2,0.6,1.2,7.2,13.8,86,107,5,Philadelphia 76ers,E,A,52,30,0.634,4.5,110.28,105.77,4.51,4.3,110.12,105.81,4.31
7,USA,22,GSW,11,54,10.7,0.765,0,0.4,9,11.6,10.4,0,0,2.9,20.3,12,0.1,0,0.1,0.102,-2.6,-3.8,-6.4,-0.1,264,C,0,6,11.9,0.5,0,0,0.34,6,11.9,0.5,1.6,2.7,0.6,2.7,4.9,7.6,1.1,0.5,1.6,2.2,7.6,13.5,99,111,3,Golden State Warriors,W,P,58,24,0.707,5.98,114.31,108.43,5.88,5.79,114.33,108.62,5.7
8,USA,23,TOT,6,60,2.4,0.362,0.611,0.167,1.8,8,4.7,11,0,1.6,9.4,15.7,-0.2,0,-0.2,-0.134,-6,-4.1,-10,-0.1,206,SF,0,4.3,13,0.333,0,8.7,0,4.3,4.3,1,4.3,4.3,1,0,0,0,8.7,0,0,0,0,13,117,117,21,Los Angeles Lakers,W,P,35,47,0.427,-1.55,107.1,108.64,-1.54,-1.43,106.96,108.39,-1.43
9,USA,25,TOT,58,1576,14.4,0.545,0.447,0.162,1.6,9.8,5.8,9.7,1.4,0.6,8.1,24.6,1.1,1.4,2.5,0.077,0.2,-2.2,-2.1,0,225,SG,23,9.9,23.1,0.429,3.9,10.3,0.381,6,12.9,0.467,3.4,4,0.86,0.7,4.4,5.1,2.9,1.4,0.4,2.2,3.2,27.2,106,110,2,Toronto Raptors,E,A,59,23,0.72,7.78,114.6,106.56,8.03,7.3,114.5,106.96,7.54
10,Australia,25,BOS,60,1931,25.1,0.61,0.374,0.24,1.9,10.8,6.4,30.9,1.7,0.7,10.4,31.1,6.3,2.7,9,0.224,7,-0.6,6.4,4.1,239,PG,60,13.8,28.1,0.491,4.3,10.5,0.408,9.5,17.6,0.541,6,6.8,0.889,0.9,5,5.9,7.9,1.7,0.4,3.6,3.2,37.9,118,106,7,Boston Celtics,E,A,55,27,0.671,3.59,108.4,104.65,3.75,3.24,108.14,104.75,3.39
11,USA,25,MIL,46,1404,14.3,0.579,0.319,0.174,1.9,10.8,6.4,16.3,1.5,0.8,11,19.1,2,0.7,2.7,0.093,0.6,-1.8,-1.2,0.3,64,PG,20,8.5,17.5,0.485,2.2,5.6,0.385,6.3,11.9,0.532,2.6,3,0.882,0.8,4.6,5.4,5.3,1.4,0.5,2.3,4.4,21.7,112,113,20,Milwaukee Bucks,E,C,44,38,0.537,-0.3,110.67,110.98,-0.31,-0.45,110.7,111.16,-0.46
12,USA,32,SAS,72,2416,25.2,0.573,0.07,0.303,10.8,17.1,14,11.5,0.8,3,6.9,29.1,7.3,3.4,10.8,0.214,3.1,0.3,3.4,3.3,7,C,75,13.8,27.1,0.51,0.5,1.9,0.293,13.3,25.3,0.526,6.7,8,0.837,5,7.8,12.8,3.1,0.9,1.8,2.2,3.2,34.9,118,105,8,San Antonio Spurs,W,SW,47,35,0.573,2.89,108.49,105.36,3.13,2.89,108.35,105.23,3.12
13,USA,30,TOT,64,1085,14.8,0.563,0.089,0.275,10.8,18.7,14.8,11,1.2,1.5,14.1,16.5,1.5,1.2,2.7,0.12,-1.1,0.6,-0.5,0.4,59,PF,0,5.9,10.6,0.56,0.2,0.7,0.286,5.7,9.9,0.578,3.1,3.8,0.821,4.6,7.3,11.9,2.6,1.6,1.1,1.9,4.9,15.2,125,105,5,Philadelphia 76ers,E,A,52,30,0.634,4.5,110.28,105.77,4.51,4.3,110.12,105.81,4.31
14,Turkey,22,CLE,57,584,10.9,0.605,0.442,0.227,2.7,17,10,6.8,1.6,0.4,14.2,15,0.4,0.4,0.8,0.068,-1.6,-1.5,-3.1,-0.2,385,SF,12,6.6,13.6,0.484,2.3,6.3,0.368,4.2,7.2,0.586,1.9,3.4,0.565,1.4,7.4,8.7,3,1.6,0.2,2.3,5.7,17.3,108,112,14,Cleveland Cavaliers,E,C,50,32,0.61,0.94,113.58,112.56,1.02,0.59,113.61,112.94,0.67
15,USA,34,GSW,63,1601,11.3,0.539,0.36,0.277,3.8,12.5,8.5,16,1.6,1.9,16,11.5,1.6,1.7,3.3,0.098,-0.7,1,0.4,1,234,SF,7,4.4,9.5,0.463,1,3.5,0.282,3.4,6,0.567,1.6,2.6,0.632,1.5,5.8,7.3,6.2,1.6,1.1,2,2.9,11.4,113,109,3,Golden State Warriors,W,P,58,24,0.707,5.98,114.31,108.43,5.88,5.79,114.33,108.62,5.7
16,France,19,NYK,74,1566,6.5,0.429,0.313,0.15,2.3,9.2,5.8,19.8,1.9,0.9,20.5,17,-2.1,1,-1.2,-0.036,-3.9,-0.5,-4.4,-0.9,373,PG,9,5.3,14.5,0.364,1.5,4.6,0.318,3.8,10,0.385,1.4,2,0.721,1.1,4.1,5.1,7.3,1.9,0.5,3.8,5.3,13.5,89,112,23,New York Knicks,E,A,29,53,0.354,-3.56,107.72,111.36,-3.65,-3.53,107.77,111.38,-3.61
17,USA,22,TOT,28,353,15.4,0.584,0.029,0.21,6.3,19.4,12.8,5.9,0.4,3.9,12.2,21,0.3,0.3,0.6,0.083,-3.7,-0.7,-4.4,-0.2,381,C,0,10.6,19,0.558,0.1,0.5,0.25,10.4,18.4,0.567,2.9,4,0.724,2.9,8.8,11.7,1.6,0.4,2.5,2.9,7,24.2,107,109,2,Toronto Raptors,E,A,59,23,0.72,7.78,114.6,106.56,8.03,7.3,114.5,106.96,7.54
18,USA,30,TOT,64,1085,14.8,0.563,0.089,0.275,10.8,18.7,14.8,11,1.2,1.5,14.1,16.5,1.5,1.2,2.7,0.12,-1.1,0.6,-0.5,0.4,59,PF,0,5.9,10.6,0.56,0.2,0.7,0.286,5.7,9.9,0.578,3.1,3.8,0.821,4.6,7.3,11.9,2.6,1.6,1.1,1.9,4.9,15.2,125,105,5,Philadelphia 76ers,E,A,52,30,0.634,4.5,110.28,105.77,4.51,4.3,110.12,105.81,4.31
19,USA,27,TOT,68,1540,11.8,0.592,0.391,0.314,5.3,11.1,8.1,6.7,1.5,1.1,11.6,13.6,2,1.1,3.1,0.096,-0.5,-0.4,-0.9,0.4,148,SF,22,5.7,12,0.474,1.6,4.8,0.333,4.1,7.2,0.567,3,3.6,0.836,2.3,4.7,7,2.2,1.5,0.6,1.8,4.2,16.1,115,112,2,Toronto Raptors,E,A,59,23,0.72,7.78,114.6,106.56,8.03,7.3,114.5,106.96,7.54
20,USA,35,NOP,24,341,16.3,0.538,0,0.228,15.2,21.9,18.7,2.8,1.1,5.8,11.4,14.5,0.5,0.5,1,0.134,-2.8,1.2,-1.6,0,380,C,19,6.5,12.8,0.505,0,0,0.34,6.5,12.8,0.505,2.4,3,0.818,6.4,9.9,16.2,1.1,1.1,3.4,1.8,4.1,15.4,116,105,12,New Orleans Pelicans,W,SW,48,34,0.585,1.3,110.29,109.05,1.24,1.48,110.37,108.95,1.42
21,USA,19,BRK,68,1341,17.6,0.634,0.037,0.387,10.9,17.7,14.3,5.6,1,4.1,15.3,16.7,2.5,1.3,3.9,0.139,-1.1,1.2,0.1,0.7,8,C,31,7.9,13.4,0.589,0.2,0.5,0.333,7.7,12.9,0.599,3.8,5,0.776,4.9,8.2,13.1,1.7,0.9,3,2.8,5,19.8,119,108,24,Brooklyn Nets,E,A,28,54,0.341,-3.74,107.71,111.51,-3.8,-3.67,107.83,111.55,-3.72
22,USA,32,HOU,64,2179,12.1,0.573,0.713,0.143,1.7,13,7.4,6.9,2.1,0.5,7,14.4,2.7,2.6,5.3,0.117,1,0.6,1.7,2,20,SF,67,5.8,14.1,0.412,3.7,10,0.368,2.1,4.1,0.519,1.6,1.9,0.854,0.7,5.7,6.4,2.3,2.1,0.3,1.1,2.9,17,114,107,1,Houston Rockets,W,SW,65,17,0.793,8.48,115.48,106.84,8.64,8.21,115.45,107.08,8.37
23,USA,23,ATL,39,518,13,0.567,0.586,0.138,9.7,17.7,13.7,7.9,0.8,0.7,8,14.8,0.9,0.3,1.2,0.109,0.5,-1.5,-1,0.1,92,PF,1,6.3,14.3,0.441,3,8.4,0.36,3.3,5.9,0.556,1.6,2,0.81,4.2,7.7,12,2.5,0.8,0.4,1.3,5.8,17.3,119,112,26,Atlanta Hawks,E,SE,24,58,0.293,-5.45,105.74,111.21,-5.47,-5.3,105.81,111.12,-5.31
24,USA,24,PHI,44,668,16.8,0.566,0.144,0.236,8.6,22,15.5,12.8,1.3,3.2,8.4,16.7,1.3,1.1,2.4,0.175,-0.5,1.9,1.4,0.6,224,C,2,8.7,15.5,0.56,0.3,2,0.129,8.4,13.5,0.624,2.4,3.6,0.661,3.7,9.9,13.6,3.9,1.3,1.9,1.6,6.3,20.1,121,103,5,Philadelphia 76ers,E,A,52,30,0.634,4.5,110.28,105.77,4.51,4.3,110.12,105.81,4.31
25,USA,33,IND,34,462,19.9,0.557,0.005,0.163,7.4,25.3,16.4,10.1,1.7,4.4,8.7,22.2,0.7,0.8,1.5,0.154,-1.8,1.4,-0.5,0.2,250,C,1,11.5,21.5,0.534,0,0.3,0,11.5,21.2,0.541,3.1,3.7,0.833,3.1,11.7,14.8,3.1,1.7,2.4,2.2,6.8,26,113,104,13,Indiana Pacers,E,C,48,34,0.585,1.38,110.24,108.8,1.44,1.18,110.17,108.94,1.24
26,USA,29,GSW,51,1631,28.2,0.675,0.58,0.35,2.7,14.4,8.9,30.2,2.4,0.4,13.3,31,7.2,1.9,9.2,0.27,9.8,-1.2,8.6,4.4,120,PG,51,12.6,25.5,0.495,6.3,14.8,0.423,6.4,10.7,0.595,8.2,8.9,0.921,1.1,6.6,7.7,9.2,2.4,0.2,4.5,3.4,39.8,125,108,3,Golden State Warriors,W,P,58,24,0.707,5.98,114.31,108.43,5.88,5.79,114.33,108.62,5.7
27,USA,26,SAS,9,210,26,0.572,0.315,0.342,3.1,19.1,11.1,17.7,4.3,3.6,11.1,30.6,0.3,0.5,0.9,0.197,2.7,3.2,5.9,0.4,293,SF,9,12.5,26.7,0.468,2.6,8.4,0.314,9.9,18.3,0.539,7.5,9.1,0.816,1.4,8.7,10.1,5.1,4.3,2.2,3.8,2.2,35.1,109,97,8,San Antonio Spurs,W,SW,47,35,0.573,2.89,108.49,105.36,3.13,2.89,108.35,105.23,3.12
28,USA,23,TOT,14,93,5.4,0.402,0.125,0.375,2.3,12.2,7.2,2.9,3.2,4.8,17.7,11,-0.2,0.1,0,-0.001,-7.5,3.8,-3.7,0,100,SG,0,3.2,8.5,0.381,1.2,1.6,0.75,2,6.9,0.294,1.6,2.4,0.667,1.2,4.4,5.7,0.8,2.8,2,2.8,9.3,9.3,78,107,2,Toronto Raptors,E,A,59,23,0.72,7.78,114.6,106.56,8.03,7.3,114.5,106.96,7.54
29,USA,28,TOT,70,2209,19.3,0.577,0.364,0.318,2.6,11.5,7.1,24.9,3.2,1.5,16.1,26.3,2.6,2.3,4.9,0.107,2.2,-0.4,1.8,2.1,52,PG,74,10,21.2,0.473,2.7,7.7,0.347,7.4,13.5,0.545,5.4,6.8,0.795,1.1,5,6.1,7.9,3.2,0.9,4.6,4,28.2,109,108,2,Toronto Raptors,E,A,59,23,0.72,7.78,114.6,106.56,8.03,7.3,114.5,106.96,7.54
30,USA,29,CLE,56,1556,22.4,0.608,0.441,0.367,7.2,30.3,18.9,9.6,1.3,1.3,9.6,25.3,4.3,1.6,5.9,0.183,2.4,-1.4,1,1.2,304,C,59,9.9,21.6,0.458,4.1,9.8,0.415,5.8,11.8,0.494,6.9,7.9,0.88,3,13.2,16.2,3.1,1.3,0.7,2.7,3.6,30.8,120,109,14,Cleveland Cavaliers,E,C,50,32,0.61,0.94,113.58,112.56,1.02,0.59,113.61,112.94,0.67
31,USA,20,LAL,11,34,7.7,0.473,0.556,0.667,3.2,15.6,9.4,7.8,0,0,7.9,15.8,0,0,0,0.037,-3.8,-3.3,-7.1,0,75,C,0,5.3,14,0.381,0.7,6.6,0.1,4.7,7.3,0.636,3.3,6,0.556,2,9.3,11.3,4,0.7,1.3,1.3,4,14.6,100,108,21,Los Angeles Lakers,W,P,35,47,0.427,-1.55,107.1,108.64,-1.54,-1.43,106.96,108.39,-1.43
32,USA,29,LAC,73,2321,20.2,0.651,0,0.541,15,37.6,26.5,7.1,0.8,2.5,16.3,15.2,5.8,3.5,9.2,0.191,0.5,1.8,2.3,2.5,268,C,77,7.5,11.6,0.645,0,0,0.34,7.5,11.6,0.645,3.6,6.3,0.58,6.6,16.9,23.5,2.3,0.8,1.4,2.7,4.1,18.6,125,105,17,Los Angeles Clippers,W,P,42,40,0.512,0.04,110.97,111.02,-0.05,0.15,111.06,111,0.07
33,USA,30,TOT,64,1085,14.8,0.563,0.089,0.275,10.8,18.7,14.8,11,1.2,1.5,14.1,16.5,1.5,1.2,2.7,0.12,-1.1,0.6,-0.5,0.4,59,PF,0,5.9,10.6,0.56,0.2,0.7,0.286,5.7,9.9,0.578,3.1,3.8,0.821,4.6,7.3,11.9,2.6,1.6,1.1,1.9,4.9,15.2,125,105,5,Philadelphia 76ers,E,A,52,30,0.634,4.5,110.28,105.77,4.51,4.3,110.12,105.81,4.31
34,USA,25,TOT,58,1576,14.4,0.545,0.447,0.162,1.6,9.8,5.8,9.7,1.4,0.6,8.1,24.6,1.1,1.4,2.5,0.077,0.2,-2.2,-2.1,0,225,SG,11,8.1,18.3,0.442,2.3,6.5,0.352,5.8,11.8,0.492,2.4,2.9,0.813,0.7,4.2,5,2.8,1.4,0.5,0.6,3.8,20.9,111,114,14,Cleveland Cavaliers,E,C,50,32,0.61,0.94,113.58,112.56,1.02,0.59,113.61,112.94,0.67
35,USA,32,HOU,55,1753,24.3,0.601,0.475,0.288,2.3,17,9.7,40.7,2.6,0.7,12.7,24.3,7,2.6,9.6,0.262,6,1,7,4,396,PG,58,9.8,21.3,0.46,3.8,10.1,0.38,5.9,11.2,0.532,5.4,5.9,0.919,1,7.4,8.3,12.2,2.6,0.4,3.4,3.8,28.8,126,105,1,Houston Rockets,W,SW,65,17,0.793,8.48,115.48,106.84,8.64,8.21,115.45,107.08,8.37
36,USA,27,NOP,78,1847,9.4,0.619,0.746,0.131,1,7.9,4.6,7.7,0.6,0.7,10.1,12.8,2.1,0.8,2.9,0.075,0.6,-1.7,-1.1,0.4,338,SF,3,5.3,12,0.444,3.6,8.8,0.411,1.7,3.2,0.535,1.4,1.6,0.866,0.4,3.6,4,2.7,0.7,0.4,1.4,3.9,15.6,115,113,12,New Orleans Pelicans,W,SW,48,34,0.585,1.3,110.29,109.05,1.24,1.48,110.37,108.95,1.42
37,USA,28,TOT,49,708,10.2,0.587,0.72,0.104,1.1,14.1,7.6,6.6,0.6,0.8,7.9,14.9,0.6,0.4,1,0.067,-0.8,-2.1,-3,-0.2,25,SF,9,6.9,14.4,0.476,4.2,9.5,0.441,2.7,4.9,0.544,1.5,1.9,0.773,0.4,6.5,6.9,2.2,0.6,0.4,1.3,4,19.4,119,114,26,Atlanta Hawks,E,SE,24,58,0.293,-5.45,105.74,111.21,-5.47,-5.3,105.81,111.12,-5.31
38,USA,25,DAL,75,2561,16,0.542,0.272,0.262,3.2,17.2,10,10,1,0.5,8.2,25.2,2.1,1.9,4,0.075,-0.6,-1.2,-1.8,0.1,31,PF,77,10.2,23,0.445,2.3,6.3,0.357,8,16.7,0.478,4.9,6,0.827,1.5,7.5,8.9,2.9,0.9,0.3,2.2,1.8,27.7,105,111,22,Dallas Mavericks,W,SW,24,58,0.293,-3.04,106.92,110,-3.08,-2.7,106.96,109.7,-2.74
39,Canada,26,MIA,73,1720,18,0.615,0.44,0.27,5.6,21.4,13.5,18.8,1.8,1.7,17,21.6,2.8,2.6,5.5,0.153,1.8,1.4,3.2,2.2,383,PF,22,8.9,17.9,0.497,3,7.9,0.379,5.9,10,0.59,3.8,4.9,0.77,2.5,9.7,12.2,5.8,1.7,1,4.1,6.3,24.6,112,105,16,Miami Heat,E,SE,44,38,0.537,0.48,107.63,107.12,0.51,0.15,107.47,107.28,0.18
40,USA,19,IND,10,28,23.2,0.558,0,0.667,20.4,16.1,18.2,0,1.8,9.5,14.7,21.8,0.1,0,0.1,0.177,-4.1,-1.4,-5.4,0,15,C,0,6.7,15,0.444,0,0,0.34,6.7,15,0.444,8.3,10,0.833,8.3,6.7,15,0,1.7,5,3.3,1.7,21.7,114,104,13,Indiana Pacers,E,C,48,34,0.585,1.38,110.24,108.8,1.44,1.18,110.17,108.94,1.24
41,USA,21,ATL,53,897,9.3,0.478,0.52,0.157,2.1,13.2,7.7,13.2,0.9,0.4,8.8,20,-0.2,0.4,0.1,0.008,-2.2,-2.4,-4.6,-0.6,134,SG,5,7.2,19.2,0.377,3.6,10,0.362,3.6,9.2,0.393,2.3,3.2,0.714,0.9,5.7,6.5,4,0.9,0.3,1.9,3.2,20.3,100,114,26,Atlanta Hawks,E,SE,24,58,0.293,-5.45,105.74,111.21,-5.47,-5.3,105.81,111.12,-5.31
42,USA,21,LAC,48,778,7.2,0.421,0.213,0.194,1.3,10.4,5.9,17.8,2.2,0.6,13.8,17.7,-0.8,0.7,-0.1,-0.008,-4.3,-0.5,-4.7,-0.5,150,PG,4,5.6,15.8,0.352,0.9,3.4,0.278,4.6,12.4,0.372,2.4,3.1,0.776,0.6,4.7,5.3,6.3,2.3,0.4,2.8,6.1,14.4,90,111,17,Los Angeles Clippers,W,P,42,40,0.512,0.04,110.97,111.02,-0.05,0.15,111.06,111,0.07
43,USA,30,TOT,70,1499,9.7,0.542,0.474,0.149,5.1,14.5,9.9,4.1,1.2,1.4,8.1,11.5,1,1.2,2.2,0.071,-1.5,-0.1,-1.6,0.2,119,SF,25,5,11.2,0.451,1.8,5.2,0.345,3.3,6,0.541,1,1.6,0.596,2.4,6.8,9.2,1.5,1.2,0.9,1,3.4,12.8,110,110,2,Toronto Raptors,E,A,59,23,0.72,7.78,114.6,106.56,8.03,7.3,114.5,106.96,7.54
44,Dominican Rep...,31,BOS,70,2219,17.5,0.577,0.301,0.153,4.8,20.1,12.6,23.9,0.9,2.9,14.3,18.4,3.8,3.8,7.6,0.164,1.1,3,4.1,3.4,227,C,72,8.1,16.5,0.489,2.1,5,0.429,5.9,11.6,0.514,2.1,2.6,0.783,2.3,9.4,11.6,7.4,0.9,1.7,2.9,3,20.3,115,103,7,Boston Celtics,E,A,55,27,0.671,3.59,108.4,104.65,3.75,3.24,108.14,104.75,3.39
45,USA,23,MIA,23,284,10.6,0.515,0.195,0.232,7.1,25.3,16.3,4.8,1.1,3,16.6,17.1,-0.1,0.5,0.3,0.056,-5.5,0.5,-5,-0.2,335,PF,3,6.9,14.5,0.476,0.4,2.8,0.125,6.5,11.7,0.561,2.3,3.4,0.684,3.2,11.1,14.3,1.6,1.1,1.8,3.2,6.4,16.4,96,104,16,Miami Heat,E,SE,44,38,0.537,0.48,107.63,107.12,0.51,0.15,107.47,107.28,0.18
46,USA,23,CHI,52,1525,14.5,0.488,0.201,0.173,1.6,14.3,7.8,33.3,3.3,1.6,17.3,24.7,-1,1.9,0.9,0.028,-1.4,1.4,0,0.8,142,PG,43,9.2,21.3,0.429,1.4,4.3,0.321,7.8,17,0.457,2.7,3.6,0.737,0.8,6.3,7.1,9.9,3.3,0.9,4.8,5.6,22.4,96,107,28,Chicago Bulls,E,C,27,55,0.329,-7.04,104.39,111.61,-7.22,-6.84,104.46,111.47,-7.01
47,USA,20,LAL,59,1975,13.9,0.536,0.138,0.371,3.1,13.8,8.5,17.6,1.1,1.8,14.4,22.2,1,1.8,2.8,0.068,-1.6,0.3,-1.3,0.3,238,SF,59,8.7,18.4,0.47,1,2.5,0.39,7.7,15.9,0.483,4.7,6.8,0.681,1.4,6.2,7.6,5.6,1.1,1,3.6,3.9,23,104,109,21,Los Angeles Lakers,W,P,35,47,0.427,-1.55,107.1,108.64,-1.54,-1.43,106.96,108.39,-1.43
48,USA,34,TOT,50,643,14.2,0.626,0.544,0.078,1.9,19.8,11,7.5,1.3,1.8,7.8,14.9,1,0.5,1.6,0.118,-0.1,-0.9,-1,0.2,166,C,1,7.6,15.2,0.497,2.7,8.1,0.333,4.9,7.1,0.684,1.3,1.3,0.933,0.9,9,9.9,2.5,1.5,1.1,1.5,4.9,19.1,115,110,14,Cleveland Cavaliers,E,C,50,32,0.61,0.94,113.58,112.56,1.02,0.59,113.61,112.94,0.67
49,USA,36,TOT,51,1129,8.4,0.494,0.404,0.124,1.4,14.7,8.1,10.2,0.8,0.5,11.6,16,-0.2,1.2,0.9,0.04,-3.3,-0.4,-3.7,-0.5,258,SF,4,6,14.9,0.406,1.7,6,0.276,4.4,8.9,0.493,1.7,1.9,0.889,0.6,6.5,7.1,3.4,0.7,0.3,2,2.8,15.4,98,109,2,Toronto Raptors,E,A,59,23,0.72,7.78,114.6,106.56,8.03,7.3,114.5,106.96,7.54
50,USA,22,GSW,57,961,7.4,0.477,0.356,0.151,2,7.1,4.8,10.6,2.2,0.8,14.6,12.8,-0.3,0.9,0.6,0.031,-2.9,-0.4,-3.3,-0.3,321,SG,10,4.6,11.3,0.409,1,4,0.238,3.7,7.3,0.503,1.3,1.7,0.765,0.8,3.3,4.1,4.1,2.2,0.5,2.1,3.4,11.5,96,110,3,Golden State Warriors,W,P,58,24,0.707,5.98,114.31,108.43,5.88,5.79,114.33,108.62,5.7
51,USA,23,TOT,6,60,2.4,0.362,0.611,0.167,1.8,8,4.7,11,0,1.6,9.4,15.7,-0.2,0,-0.2,-0.134,-6,-4.1,-10,-0.1,206,SF,0,4.3,13,0.333,0,8.7,0,4.3,4.3,1,4.3,4.3,1,0,0,0,8.7,0,0,0,0,13,117,117,21,Los Angeles Lakers,W,P,35,47,0.427,-1.55,107.1,108.64,-1.54,-1.43,106.96,108.39,-1.43
52,USA,26,MIL,78,2857,17.4,0.579,0.327,0.282,1.7,15.2,8.5,17.6,2,0.6,11.8,24.5,4.4,2.2,6.6,0.111,1.6,-1.2,0.4,1.7,336,SF,82,9.9,21.3,0.466,2.4,6.8,0.359,7.5,14.5,0.517,5.4,6.1,0.884,0.8,6.4,7.2,5.5,2,0.4,3.2,4.5,27.6,111,111,20,Milwaukee Bucks,E,C,44,38,0.537,-0.3,110.67,110.98,-0.31,-0.45,110.7,111.16,-0.46
53,USA,33,HOU,20,115,5.4,0.425,0.69,0.034,0,6.8,3.4,14.9,1.7,0,13.3,26,-0.3,0.1,-0.2,-0.08,-5,-4.3,-9.3,-0.2,69,PG,0,8.1,24.8,0.328,4.7,17.1,0.275,3.4,7.7,0.444,0.4,0.9,0.5,0,3,3,4.7,1.7,0,3.9,2.6,21.4,83,110,1,Houston Rockets,W,SW,65,17,0.793,8.48,115.48,106.84,8.64,8.21,115.45,107.08,8.37
54,USA,21,MIN,78,1404,14.1,0.574,0.372,0.247,1.3,9.4,5.3,20.9,3.2,0.4,13.9,12.7,2.3,1.1,3.4,0.116,0.8,-0.3,0.5,0.9,267,PG,11,5.1,11.2,0.457,1.5,4.4,0.349,3.6,6.8,0.528,2.4,2.8,0.877,0.5,4,4.5,7.9,3.2,0.2,2,3.7,14.2,119,110,10,Minnesota Timberwolves,W,NW,47,35,0.573,2.23,114.24,111.86,2.38,2.35,114.41,111.91,2.5
55,USA,25,POR,78,1432,9.3,0.535,0.542,0.113,2.6,9,5.8,8.9,0.7,1.2,9.3,13.5,1.1,1.2,2.3,0.077,-0.9,-0.6,-1.5,0.2,107,SG,5,5.5,13,0.423,2.5,7,0.352,3,6,0.506,1.2,1.5,0.841,1.2,4.2,5.4,3,0.8,0.7,1.4,4,14.7,110,110,9,Portland Trail Blazers,W,NW,49,33,0.598,2.6,109.58,106.93,2.66,2.6,109.44,106.79,2.66
56,USA,28,CHI,69,2180,10.9,0.518,0.574,0.211,1.5,12.6,6.8,9.9,1.7,1.3,9.8,18,0.4,1.6,1.9,0.043,-0.9,-0.2,-1.1,0.5,221,SG,72,6.3,16.9,0.371,3.5,9.7,0.359,2.8,7.2,0.387,2.9,3.5,0.823,0.7,5.6,6.3,3.3,1.7,0.7,2,2.9,18.9,100,111,28,Chicago Bulls,E,C,27,55,0.329,-7.04,104.39,111.61,-7.22,-6.84,104.46,111.47,-7.01
57,New Zealand,24,OKC,73,2390,20.8,0.628,0.003,0.397,16.9,13.9,15.5,5.5,1.9,2.9,13.3,16.7,6.4,2.9,9.3,0.187,2.2,1.2,3.4,3.3,3,C,76,8.9,14.2,0.629,0,0,0,8.9,14.2,0.631,3.2,5.7,0.559,7.7,6,13.7,1.8,1.8,1.6,2.6,4.3,21.1,125,107,6,Oklahoma City Thunder,W,NW,48,34,0.585,3.41,111.48,108.02,3.47,3.42,111.5,108.03,3.47
58,USA,29,MEM,36,691,13.7,0.578,0.517,0.115,2.3,13.1,7.5,16.5,1.3,1.5,12.5,18.3,0.7,0.4,1.1,0.079,0.3,-1.5,-1.2,0.1,392,SF,8,7.9,17.1,0.462,3.7,8.9,0.421,4.2,8.3,0.504,1.2,2,0.63,1,5.6,6.6,5,1.3,0.8,2.6,3.9,20.8,110,113,27,Memphis Grizzlies,W,SW,22,60,0.268,-6.21,105.29,111.85,-6.57,-5.81,105.44,111.59,-6.15
59,Brazil,22,TOT,11,99,8.5,0.398,0.567,0.2,7.7,15.6,11.5,6.9,1.5,3.8,10.9,16.6,-0.1,0.1,0,-0.012,-4.1,-0.2,-4.3,-0.1,81,SF,0,4.2,14.6,0.29,1.4,8,0.176,2.8,6.6,0.429,2.4,2.8,0.833,3.3,7.1,10.4,1.9,1.4,1.9,1.9,3.8,12.3,86,110,2,Toronto Raptors,E,A,59,23,0.72,7.78,114.6,106.56,8.03,7.3,114.5,106.96,7.54
60,USA,25,NYK,32,648,22.8,0.576,0.262,0.133,2.1,8,5.1,38.1,1.5,0.5,8.8,25.9,2,0.3,2.3,0.167,5.3,-3.3,2,0.7,77,PG,9,12.2,24.2,0.503,2.4,6.6,0.362,9.8,17.6,0.556,2.3,3.6,0.649,0.8,3.7,4.5,10.7,1.5,0.3,2.7,2.7,29.1,117,114,23,New York Knicks,E,A,29,53,0.354,-3.56,107.72,111.36,-3.65,-3.53,107.77,111.38,-3.61
61,USA,28,TOT,58,1970,19.6,0.544,0.323,0.331,4.1,19.8,11.9,28.1,1,0.8,12.6,28.9,3.2,1.9,5,0.123,2.8,0,2.8,2.4,191,PF,33,10.9,24.7,0.441,2.7,8,0.342,8.2,16.7,0.488,7.3,9.3,0.785,2,9.2,11.2,7.6,1.3,0.4,4.2,3.3,31.8,110,110,17,Los Angeles Clippers,W,P,42,40,0.512,0.04,110.97,111.02,-0.05,0.15,111.06,111,0.07
62,USA,28,DET,8,136,8.9,0.505,0.083,0.417,5.5,20.7,13,5.3,0.4,2,14.1,16.1,0,0.1,0.1,0.052,-5.6,-0.3,-5.9,-0.1,295,PF,0,5.5,13.2,0.417,0,1.1,0,5.5,12.1,0.455,4.8,5.5,0.867,2.6,9.2,11.7,1.8,0.4,1.1,2.6,5.9,15.8,100,109,19,Detroit Pistons,E,C,39,43,0.476,-0.15,107.95,108.14,-0.19,-0.26,107.84,108.14,-0.3
63,Dominican Rep...,31,BOS,70,2219,17.5,0.577,0.301,0.153,4.8,20.1,12.6,23.9,0.9,2.9,14.3,18.4,3.8,3.8,7.6,0.164,1.1,3,4.1,3.4,227,C,72,8.1,16.5,0.489,2.1,5,0.429,5.9,11.6,0.514,2.1,2.6,0.783,2.3,9.4,11.6,7.4,0.9,1.7,2.9,3,20.3,115,103,7,Boston Celtics,E,A,55,27,0.671,3.59,108.4,104.65,3.75,3.24,108.14,104.75,3.39
64,USA,29,MEM,3,76,38.1,0.733,0.405,0.31,4.5,4.7,4.6,32.6,3.3,1.2,7.7,30.6,0.5,0.1,0.6,0.365,13.5,-2.9,10.6,0.2,67,SG,1,13.4,26.7,0.5,5,8.4,0.594,8.4,18.3,0.457,5.2,6,0.87,2.1,3.4,5.5,6.5,2.9,0.8,4.2,1.6,36.9,117,111,27,Memphis Grizzlies,W,SW,22,60,0.268,-6.21,105.29,111.85,-6.57,-5.81,105.44,111.59,-6.15
65,USA,30,TOT,64,1085,14.8,0.563,0.089,0.275,10.8,18.7,14.8,11,1.2,1.5,14.1,16.5,1.5,1.2,2.7,0.12,-1.1,0.6,-0.5,0.4,59,PF,6,9.5,18.4,0.513,0.4,1.5,0.25,9.1,17,0.536,2.9,5.3,0.558,4.7,10,14.6,4.7,1,0.6,3.7,5.3,22.2,105,110,24,Brooklyn Nets,E,A,28,54,0.341,-3.74,107.71,111.51,-3.8,-3.67,107.83,111.55,-3.72
66,USA,27,POR,65,1950,12.4,0.529,0.586,0.144,5.1,22.3,13.8,5.8,1.9,1.5,10.7,14.9,1.2,3,4.2,0.103,-0.5,1.7,1.2,1.6,11,PF,67,5.5,14,0.395,3,8.1,0.369,2.5,5.8,0.432,1.4,1.9,0.738,2.3,10.3,12.6,2,1.9,1,1.9,3.3,15.5,105,104,9,Portland Trail Blazers,W,NW,49,33,0.598,2.6,109.58,106.93,2.66,2.6,109.44,106.79,2.66
67,USA,26,MIA,15,258,12.4,0.623,0.484,0.094,3.5,8.3,5.9,6.9,1.6,0.7,5.7,12.3,0.4,0.3,0.7,0.131,0.3,-0.6,-0.3,0.1,328,SG,2,6,12.3,0.493,2.5,5.9,0.429,3.5,6.4,0.553,0.7,1.3,0.5,1.8,3.7,5.5,2.9,1.3,0.5,0.7,3.5,15.3,124,110,16,Miami Heat,E,SE,44,38,0.537,0.48,107.63,107.12,0.51,0.15,107.47,107.28,0.18
68,USA,27,TOT,36,687,13.9,0.469,0.305,0.262,2,12.2,7,29.5,2,0.8,12,25.1,-0.1,0.3,0.2,0.016,-0.8,-1.8,-2.7,-0.1,249,PG,0,5.3,23.9,0.222,0,2.7,0,5.3,21.2,0.25,0,0,0.7735,2.7,0,2.7,15.9,2.7,0,2.7,8,10.6,77,111,12,New Orleans Pelicans,W,SW,48,34,0.585,1.3,110.29,109.05,1.24,1.48,110.37,108.95,1.42
69,USA,25,MIL,46,1404,14.3,0.579,0.319,0.174,1.9,10.8,6.4,16.3,1.5,0.8,11,19.1,2,0.7,2.7,0.093,0.6,-1.8,-1.2,0.3,64,PG,20,8.5,17.5,0.485,2.2,5.6,0.385,6.3,11.9,0.532,2.6,3,0.882,0.8,4.6,5.4,5.3,1.4,0.5,2.3,4.4,21.7,112,113,20,Milwaukee Bucks,E,C,44,38,0.537,-0.3,110.67,110.98,-0.31,-0.45,110.7,111.16,-0.46
70,USA,26,TOT,3,9,-1.9,0,1,0,0,12,6.1,0,5.6,0,0,9.8,0,0,0,-0.141,-10.1,1.7,-8.4,0,144,SF,0,0,8.3,0,0,8.3,0,0,0,0.5,0,0,0.7735,0,8.3,8.3,0,8.3,0,0,0,0,0,90,7,Boston Celtics,E,A,55,27,0.671,3.59,108.4,104.65,3.75,3.24,108.14,104.75,3.39
71,USA,23,PHI,3,17,24.6,0.82,0.25,0.5,6.6,0,3.2,35.5,2.8,0,17,14.8,0.1,0,0.1,0.298,5,-4,1,0,244,PG,0,8.5,11.3,0.75,2.8,2.8,1,5.7,8.5,0.667,2.8,5.7,0.5,2.8,0,2.8,11.3,2.8,0,2.8,2.8,22.6,150,108,5,Philadelphia 76ers,E,A,52,30,0.634,4.5,110.28,105.77,4.51,4.3,110.12,105.81,4.31
72,USA,31,TOT,65,1783,13.2,0.581,0.399,0.273,2.6,8.9,5.7,14.9,1.6,1.3,13.2,16.4,2.3,0.8,3.1,0.083,0.3,-1,-0.7,0.6,217,PG,36,6.8,14.4,0.469,2.6,5.7,0.453,4.2,8.8,0.48,3.4,4.4,0.778,1,4.2,5.2,5.3,1.7,0.5,2.7,3.3,19.5,113,113,29,Sacramento Kings,W,P,27,55,0.329,-6.99,104.47,111.9,-7.43,-6.59,104.6,111.62,-7.02
73,USA,20,ATL,71,1690,18.4,0.624,0.083,0.34,11.2,23,17.1,8.2,1.2,4,14.3,17.9,3.3,1.9,5.2,0.147,-0.3,1.7,1.4,1.5,101,PF,26,8.6,14.9,0.576,0.4,1.3,0.34,8.2,13.6,0.598,3.6,5.1,0.715,4.8,10,14.8,2.7,1.3,2.2,2.9,5.9,21.3,117,108,26,Atlanta Hawks,E,SE,24,58,0.293,-5.45,105.74,111.21,-5.47,-5.3,105.81,111.12,-5.31
74,Cameroon,23,PHI,63,1912,22.9,0.573,0.203,0.442,8.4,29.8,19.5,18.2,1,4.8,15.6,33.5,2.3,3.9,6.2,0.156,0.2,2.6,2.7,2.3,147,C,63,12.8,26.6,0.483,1.7,5.4,0.308,11.2,21.2,0.527,9,11.7,0.769,3.6,13.8,17.4,5,1,2.8,5.9,5.3,36.3,106,100,5,Philadelphia 76ers,E,A,52,30,0.634,4.5,110.28,105.77,4.51,4.3,110.12,105.81,4.31
75,USA,20,IND,50,428,10.5,0.554,0.322,0.099,6.9,13.4,10.2,2.6,0.6,0.8,7.3,14.2,0.5,0.3,0.7,0.084,-1.9,-2.7,-4.7,-0.3,288,PF,0,7,14.8,0.471,2,4.6,0.429,5,10.2,0.489,1.1,1.7,0.625,3.2,5.8,8.9,1,0.5,0.4,1.1,4.9,17,113,112,13,Indiana Pacers,E,C,48,34,0.585,1.38,110.24,108.8,1.44,1.18,110.17,108.94,1.24
76,USA,36,TOT,51,1129,8.4,0.494,0.404,0.124,1.4,14.7,8.1,10.2,0.8,0.5,11.6,16,-0.2,1.2,0.9,0.04,-3.3,-0.4,-3.7,-0.5,258,SF,4,6,14.9,0.406,1.7,6,0.276,4.4,8.9,0.493,1.7,1.9,0.889,0.6,6.5,7.1,3.4,0.7,0.3,2,2.8,15.4,98,109,2,Toronto Raptors,E,A,59,23,0.72,7.78,114.6,106.56,8.03,7.3,114.5,106.96,7.54
77,USA,36,TOT,51,1129,8.4,0.494,0.404,0.124,1.4,14.7,8.1,10.2,0.8,0.5,11.6,16,-0.2,1.2,0.9,0.04,-3.3,-0.4,-3.7,-0.5,258,SF,4,6,14.9,0.406,1.7,6,0.276,4.4,8.9,0.493,1.7,1.9,0.889,0.6,6.5,7.1,3.4,0.7,0.3,2,2.8,15.4,98,109,2,Toronto Raptors,E,A,59,23,0.72,7.78,114.6,106.56,8.03,7.3,114.5,106.96,7.54
78,USA,34,TOT,50,643,14.2,0.626,0.544,0.078,1.9,19.8,11,7.5,1.3,1.8,7.8,14.9,1,0.5,1.6,0.118,-0.1,-0.9,-1,0.2,166,C,0,6.4,13.7,0.465,2.9,8,0.36,3.5,5.7,0.611,1,1.3,0.75,0.6,7.3,8,3.2,0.3,0.3,1.3,4.8,16.6,115,111,21,Los Angeles Lakers,W,P,35,47,0.427,-1.55,107.1,108.64,-1.54,-1.43,106.96,108.39,-1.43
79,USA,20,IND,50,428,10.5,0.554,0.322,0.099,6.9,13.4,10.2,2.6,0.6,0.8,7.3,14.2,0.5,0.3,0.7,0.084,-1.9,-2.7,-4.7,-0.3,288,PF,0,7,14.8,0.471,2,4.6,0.429,5,10.2,0.489,1.1,1.7,0.625,3.2,5.8,8.9,1,0.5,0.4,1.1,4.9,17,113,112,13,Indiana Pacers,E,C,48,34,0.585,1.38,110.24,108.8,1.44,1.18,110.17,108.94,1.24
80,USA,30,SAS,67,1742,11.5,0.51,0.572,0.114,2.6,12.9,7.7,9,1.7,3.8,11,16.5,0.1,2.8,3,0.081,-1,2.3,1.3,1.5,186,SG,60,6.1,15.8,0.387,3.3,9,0.363,2.8,6.8,0.419,1.4,1.8,0.769,1.2,5.9,7,3.1,1.8,2.3,2.1,3.4,16.9,100,104,8,San Antonio Spurs,W,SW,47,35,0.573,2.89,108.49,105.36,3.13,2.89,108.35,105.23,3.12
81,USA,29,MEM,36,691,13.7,0.578,0.517,0.115,2.3,13.1,7.5,16.5,1.3,1.5,12.5,18.3,0.7,0.4,1.1,0.079,0.3,-1.5,-1.2,0.1,392,SF,8,7.9,17.1,0.462,3.7,8.9,0.421,4.2,8.3,0.504,1.2,2,0.63,1,5.6,6.6,5,1.3,0.8,2.6,3.9,20.8,110,113,27,Memphis Grizzlies,W,SW,22,60,0.268,-6.21,105.29,111.85,-6.57,-5.81,105.44,111.59,-6.15
82,Democratic Re...,21,TOT,63,1237,11.6,0.476,0.281,0.246,2.4,11.3,6.8,24.6,1.6,0.8,16.2,24.4,-0.7,0.7,0,0,-2.5,-2.2,-4.7,-0.8,357,PG,14,8.1,20.9,0.388,1.9,5.9,0.318,6.3,15.1,0.415,3.9,5.1,0.76,1,5,6.1,8.2,1.6,0.4,4.5,3.2,22,96,113,2,Toronto Raptors,E,A,59,23,0.72,7.78,114.6,106.56,8.03,7.3,114.5,106.96,7.54
83,USA,21,BOS,67,2062,13.3,0.556,0.376,0.287,3.6,14.3,9,8.4,1.6,1,12,21,1,3.2,4.2,0.098,-0.8,0.6,-0.2,0.9,70,SG,70,8.7,18.6,0.465,2.8,7.1,0.395,5.9,11.5,0.507,3.5,5.4,0.644,1.5,6.5,8,2.6,1.6,0.6,2.9,4.2,23.6,105,105,7,Boston Celtics,E,A,55,27,0.671,3.59,108.4,104.65,3.75,3.24,108.14,104.75,3.39
84,USA,26,TOT,3,9,-1.9,0,1,0,0,12,6.1,0,5.6,0,0,9.8,0,0,0,-0.141,-10.1,1.7,-8.4,0,144,SF,0,0,11,0,0,11,0,0,0,0.5,0,0,0.7735,0,5.5,5.5,0,5.5,0,0,0,0,0,100,2,Toronto Raptors,E,A,59,23,0.72,7.78,114.6,106.56,8.03,7.3,114.5,106.96,7.54
85,USA,28,DAL,1,8,-4.6,0.266,0,2,0,0,0,15.8,0,0,34.7,16.4,0,0,0,-0.237,-14.8,-5.9,-20.7,0,226,SG,0,0,6.3,0,0,0,0.34,0,6.3,0,6.3,12.5,0.5,0,0,0,6.3,0,0,6.3,0,6.3,53,118,22,Dallas Mavericks,W,SW,24,58,0.293,-3.04,106.92,110,-3.08,-2.7,106.96,109.7,-2.74
86,USA,30,TOT,64,1085,14.8,0.563,0.089,0.275,10.8,18.7,14.8,11,1.2,1.5,14.1,16.5,1.5,1.2,2.7,0.12,-1.1,0.6,-0.5,0.4,59,PF,6,9.5,18.4,0.513,0.4,1.5,0.25,9.1,17,0.536,2.9,5.3,0.558,4.7,10,14.6,4.7,1,0.6,3.7,5.3,22.2,105,110,24,Brooklyn Nets,E,A,28,54,0.341,-3.74,107.71,111.51,-3.8,-3.67,107.83,111.55,-3.72
87,Ukraine,24,MIL,6,38,11.7,0.521,0.167,1,18.7,12.4,15.5,0,2.6,0,18.8,12.7,0,0,0.1,0.079,-3.1,-4.6,-7.7,-0.1,57,PF,0,3.9,7.9,0.5,0,1.3,0,3.9,6.6,0.6,3.9,7.9,0.5,7.9,5.2,13.1,0,2.6,0,2.6,3.9,11.8,109,111,20,Milwaukee Bucks,E,C,44,38,0.537,-0.3,110.67,110.98,-0.31,-0.45,110.7,111.16,-0.46
88,USA,22,GSW,57,961,7.4,0.477,0.356,0.151,2,7.1,4.8,10.6,2.2,0.8,14.6,12.8,-0.3,0.9,0.6,0.031,-2.9,-0.4,-3.3,-0.3,321,SG,10,4.6,11.3,0.409,1,4,0.238,3.7,7.3,0.503,1.3,1.7,0.765,0.8,3.3,4.1,4.1,2.2,0.5,2.1,3.4,11.5,96,110,3,Golden State Warriors,W,P,58,24,0.707,5.98,114.31,108.43,5.88,5.79,114.33,108.62,5.7
89,USA,29,LAC,11,334,12.3,0.53,0.504,0.143,5.4,9.4,7.4,13.8,2.6,1.2,16.5,19.6,0.1,0.3,0.4,0.057,0.4,0.3,0.7,0.2,45,SG,11,7,17.3,0.403,3.5,8.7,0.4,3.5,8.6,0.407,2,2.5,0.824,2.3,4.2,6.6,4.7,2.8,0.7,3.6,4.9,19.5,102,110,17,Los Angeles Clippers,W,P,42,40,0.512,0.04,110.97,111.02,-0.05,0.15,111.06,111,0.07
90,USA,25,TOT,77,1819,16.7,0.543,0.337,0.202,3.3,9.2,6.3,19.4,1.5,0.3,10.8,26.6,1.9,1.1,3.1,0.081,0.9,-2.6,-1.7,0.1,98,SG,0,10.2,22.2,0.456,3.4,8.4,0.407,6.7,13.9,0.486,3.6,4.5,0.81,1,3.5,4.5,3.7,1.5,0.2,2.5,3.4,27.4,109,115,14,Cleveland Cavaliers,E,C,50,32,0.61,0.94,113.58,112.56,1.02,0.59,113.61,112.94,0.67
91,Germany,39,DAL,77,1900,16.7,0.575,0.445,0.142,1.3,25.1,12.8,10.4,1.1,2.1,6,20.5,2.6,2.2,4.9,0.123,0.1,0.3,0.4,1.2,372,C,77,9.1,20,0.456,3.6,8.9,0.409,5.5,11.1,0.494,2.6,2.9,0.898,0.6,11,11.6,3.2,1.1,1.2,1.3,3.9,24.5,112,108,22,Dallas Mavericks,W,SW,24,58,0.293,-3.04,106.92,110,-3.08,-2.7,106.96,109.7,-2.74
92,USA,26,DET,54,782,12.3,0.509,0.648,0.112,1.7,10.2,5.8,10.3,1.9,0.6,5.1,19,0.5,0.8,1.4,0.083,-0.1,-1.5,-1.6,0.1,169,SG,2,7.3,19.7,0.371,4.3,12.6,0.344,2.9,7.1,0.418,1.9,2.4,0.805,0.8,4.6,5.3,3.4,2,0.3,1,2.3,20.8,106,109,19,Detroit Pistons,E,C,39,43,0.476,-0.15,107.95,108.14,-0.19,-0.26,107.84,108.14,-0.3
93,USA,26,OKC,67,979,5.3,0.413,0.628,0.111,4.6,14,9.1,2.7,0.8,4,12.1,9.4,-0.5,1,0.5,0.023,-4.7,0.7,-3.9,-0.5,230,PF,10,3,9.2,0.33,1.7,5.8,0.287,1.4,3.4,0.403,0.3,1,0.3,2.1,6,8.1,1,0.8,2.2,1.3,4.1,8,91,109,6,Oklahoma City Thunder,W,NW,48,34,0.585,3.41,111.48,108.02,3.47,3.42,111.5,108.03,3.47
94,USA,21,DET,34,242,7.7,0.422,0.389,0.148,4,24.2,13.9,10.7,0.6,0,10.8,23.6,-0.4,0.3,-0.2,-0.033,-5.9,-2.4,-8.3,-0.4,145,PF,0,8,22.1,0.363,3,9.1,0.333,5,13,0.384,3.8,4.4,0.862,1.5,10.8,12.3,3,0.8,0,2.7,3.3,22.9,95,108,19,Detroit Pistons,E,C,39,43,0.476,-0.15,107.95,108.14,-0.19,-0.26,107.84,108.14,-0.3
95,USA,28,NOP,78,2468,11.9,0.587,0.364,0.079,2.5,7.5,5.1,10,1.5,0.4,10.7,16.2,2.4,1.5,3.9,0.075,0.5,-0.8,-0.4,1,349,SG,80,7.8,15.4,0.508,2.4,5.6,0.425,5.4,9.8,0.556,0.9,1.3,0.706,1.1,3.3,4.4,3.5,1.5,0.2,1.9,3.4,18.9,111,112,12,New Orleans Pelicans,W,SW,48,34,0.585,1.3,110.29,109.05,1.24,1.48,110.37,108.95,1.42
96,USA,27,IND,1,1,0,0.543,0.364,0.222,0,0,0,0,0,0,12.3,0,0,0,0,-0.001,-5.7,-0.1,-5.9,0,329,SG,0,0,0,0.444,0,0,0.34,0,0,0.5,0,0,0.7735,0,0,0,0,0,0,0,0,0,107,117,13,Indiana Pacers,E,C,48,34,0.585,1.38,110.24,108.8,1.44,1.18,110.17,108.94,1.24
97,USA,34,TOT,67,1272,12.8,0.561,0.493,0.384,1,9.8,5.3,16.7,1.8,0.8,13,20.1,1.4,0.9,2.3,0.087,-0.3,-1.6,-1.8,0,197,PG,0,6.4,15.8,0.406,3.3,9.5,0.343,3.2,6.3,0.5,4.6,5.4,0.845,0.3,3.6,3.9,6.2,1.3,0.4,2.5,5.1,20.6,115,114,11,Denver Nuggets,W,NW,46,36,0.561,1.48,113.02,111.4,1.62,1.57,113.21,111.5,1.71
98,USA,23,CHI,21,476,14,0.494,0.429,0.079,3.3,9.5,6.3,28.9,2.2,1.7,13.3,19.3,0.3,0.4,0.6,0.065,-0.2,-0.6,-0.8,0.1,398,PG,14,7.3,18,0.405,2.9,7.6,0.385,4.4,10.4,0.419,1,1.3,0.75,1.5,4.3,5.8,9.5,2.2,0.8,3,3.7,18.5,104,111,28,Chicago Bulls,E,C,27,55,0.329,-7.04,104.39,111.61,-7.22,-6.84,104.46,111.47,-7.01
99,Australia,27,MIL,37,702,8.7,0.506,0.517,0.168,2.2,8.4,5.3,27.3,1,0,23.1,13.4,0.3,0.2,0.5,0.034,-2.2,-3.6,-5.8,-0.7,128,PG,3,3.9,10.6,0.362,2,5.5,0.372,1.8,5.2,0.351,1.8,1.9,0.926,1,3.5,4.5,10.2,1,0,3.4,4.7,11.5,104,115,20,Milwaukee Bucks,E,C,44,38,0.537,-0.3,110.67,110.98,-0.31,-0.45,110.7,111.16,-0.46
100,France,35,SAS,52,1020,13.1,0.499,0.094,0.198,0.6,9.3,4.9,29,1.4,0.1,13.4,20.6,0.4,1.1,1.5,0.072,-2.1,-1.6,-3.8,-0.5,391,PG,21,8.4,18.3,0.459,0.5,1.7,0.27,7.9,16.6,0.479,2.6,3.7,0.705,0.3,4.2,4.5,9.2,1.3,0,3.2,2.5,19.9,103,109,8,San Antonio Spurs,W,SW,47,35,0.573,2.89,108.49,105.36,3.13,2.89,108.35,105.23,3.12
101,USA,23,DAL,30,472,16.2,0.558,0.01,0.267,11,29.1,19.8,6.3,3.3,4.1,18.1,13.8,0.4,1,1.3,0.137,-3.4,4.6,1.2,0.4,370,C,6,5.8,11.2,0.524,0,0.1,0,5.8,11.1,0.529,2.2,3,0.75,5.1,12.8,17.9,2.1,3.3,2.3,2.8,6.3,13.9,109,100,22,Dallas Mavericks,W,SW,24,58,0.293,-3.04,106.92,110,-3.08,-2.7,106.96,109.7,-2.74
102,USA,30,TOT,64,1085,14.8,0.563,0.089,0.275,10.8,18.7,14.8,11,1.2,1.5,14.1,16.5,1.5,1.2,2.7,0.12,-1.1,0.6,-0.5,0.4,59,PF,0,5.9,10.6,0.56,0.2,0.7,0.286,5.7,9.9,0.578,3.1,3.8,0.821,4.6,7.3,11.9,2.6,1.6,1.1,1.9,4.9,15.2,125,105,5,Philadelphia 76ers,E,A,52,30,0.634,4.5,110.28,105.77,4.51,4.3,110.12,105.81,4.31
103,USA,28,TOT,49,708,10.2,0.587,0.72,0.104,1.1,14.1,7.6,6.6,0.6,0.8,7.9,14.9,0.6,0.4,1,0.067,-0.8,-2.1,-3,-0.2,25,SF,5,3.8,16.3,0.234,3.8,15.6,0.244,0,0.7,0,0,0,0.7735,0.7,4.5,5.2,1.7,0.3,0.7,1.4,2.4,11.4,74,111,16,Miami Heat,E,SE,44,38,0.537,0.48,107.63,107.12,0.51,0.15,107.47,107.28,0.18
104,USA,34,TOT,50,643,14.2,0.626,0.544,0.078,1.9,19.8,11,7.5,1.3,1.8,7.8,14.9,1,0.5,1.6,0.118,-0.1,-0.9,-1,0.2,166,C,0,6.4,13.7,0.465,2.9,8,0.36,3.5,5.7,0.611,1,1.3,0.75,0.6,7.3,8,3.2,0.3,0.3,1.3,4.8,16.6,115,111,21,Los Angeles Lakers,W,P,35,47,0.427,-1.55,107.1,108.64,-1.54,-1.43,106.96,108.39,-1.43
105,Spain,37,SAS,74,1753,19,0.54,0.189,0.331,7.9,30.3,19,20,0.6,3.7,13.3,20.7,2.6,3.2,5.8,0.158,-0.2,3.3,3.1,2.3,171,C,63,8,17.5,0.458,1.2,3.3,0.358,6.8,14.1,0.481,4.4,5.8,0.756,3.6,13.7,17.3,6.6,0.7,2.2,3,3.4,21.6,112,102,8,San Antonio Spurs,W,SW,47,35,0.573,2.89,108.49,105.36,3.13,2.89,108.35,105.23,3.12
106,USA,27,TOT,47,951,20.2,0.586,0,0.303,11.8,25.2,18.4,16.8,2,1.7,17.9,22.4,1.3,1.4,2.7,0.134,-0.5,1.9,1.3,0.8,346,C,0,10.6,20,0.53,0,0,0.34,10.6,20,0.53,5.5,7,0.797,5.3,11.3,16.6,5.9,2.8,1.7,4.8,4.8,26.7,111,98,7,Boston Celtics,E,A,55,27,0.671,3.59,108.4,104.65,3.75,3.24,108.14,104.75,3.39
107,USA,32,ORL,51,657,5.5,0.508,0.425,0.17,0.7,10.5,5.5,6.2,0.3,1.1,11.3,12.4,-0.1,0.2,0.1,0.006,-4.3,-1.7,-6,-0.7,5,SG,3,4.7,11.6,0.401,1.9,5,0.386,2.7,6.6,0.413,1.6,1.9,0.846,0.3,4.5,4.7,2.2,0.3,0.6,1.5,4,12.8,98,115,25,Orlando Magic,E,SE,25,57,0.305,-4.82,105.83,110.85,-5.02,-4.92,105.77,110.88,-5.11
108,USA,29,MEM,36,691,13.7,0.578,0.517,0.115,2.3,13.1,7.5,16.5,1.3,1.5,12.5,18.3,0.7,0.4,1.1,0.079,0.3,-1.5,-1.2,0.1,392,SF,8,7.9,17.1,0.462,3.7,8.9,0.421,4.2,8.3,0.504,1.2,2,0.63,1,5.6,6.6,5,1.3,0.8,2.6,3.9,20.8,110,113,27,Memphis Grizzlies,W,SW,22,60,0.268,-6.21,105.29,111.85,-6.57,-5.81,105.44,111.59,-6.15
109,USA,36,CLE,70,1516,13.5,0.651,0.779,0.149,0.7,10.8,5.8,8,0.9,1.5,9.1,16.1,2.8,0.6,3.4,0.107,2.2,-2.2,0.1,0.8,278,SG,4,6.9,15.1,0.459,5.1,11.7,0.436,1.8,3.4,0.537,2,2.2,0.889,0.3,4.9,5.1,2.7,1,0.8,1.7,4,20.9,120,114,14,Cleveland Cavaliers,E,C,50,32,0.61,0.94,113.58,112.56,1.02,0.59,113.61,112.94,0.67
110,Finland,20,CHI,65,1949,15.3,0.551,0.466,0.188,3.9,23.6,13.4,6.2,0.9,1.8,8.1,21.7,1.5,1.6,3.2,0.078,-0.7,-1.2,-1.9,0,314,PF,68,9,20.8,0.434,3.5,9.7,0.362,5.5,11.1,0.497,3.4,4,0.843,1.9,10.4,12.3,1.9,0.9,1,2,2.5,25,107,110,28,Chicago Bulls,E,C,27,55,0.329,-7.04,104.39,111.61,-7.22,-6.84,104.46,111.47,-7.01
111,USA,24,NOP,71,2582,28.9,0.615,0.113,0.406,7.8,24.9,16.6,10.8,2,5.5,8.7,29.8,8.5,4.5,13,0.241,3,2.3,5.3,4.7,122,PF,75,13.7,25.6,0.534,1,2.8,0.34,12.7,22.8,0.558,8.7,10.5,0.828,3.3,11.3,14.6,3,2,3.4,2.8,2.8,36.9,119,102,12,New Orleans Pelicans,W,SW,48,34,0.585,1.3,110.29,109.05,1.24,1.48,110.37,108.95,1.42
112,USA,27,BRK,66,1270,7.5,0.51,0.797,0.173,3.1,17.2,10.1,5.9,1.1,1.6,14.1,14.3,-0.4,1,0.6,0.024,-2.5,-0.3,-2.8,-0.2,2,PF,8,4.6,13,0.356,3.6,10.4,0.349,1,2.6,0.384,1.8,2.1,0.817,1.4,7.8,9.2,2,1.2,1,2.1,5.3,14.7,99,110,24,Brooklyn Nets,E,A,28,54,0.341,-3.74,107.71,111.51,-3.8,-3.67,107.83,111.55,-3.72
113,USA,29,MEM,36,691,13.7,0.578,0.517,0.115,2.3,13.1,7.5,16.5,1.3,1.5,12.5,18.3,0.7,0.4,1.1,0.079,0.3,-1.5,-1.2,0.1,392,SF,8,7.9,17.1,0.462,3.7,8.9,0.421,4.2,8.3,0.504,1.2,2,0.63,1,5.6,6.6,5,1.3,0.8,2.6,3.9,20.8,110,113,27,Memphis Grizzlies,W,SW,22,60,0.268,-6.21,105.29,111.85,-6.57,-5.81,105.44,111.59,-6.15
114,USA,21,GSW,62,819,14.4,0.581,0.024,0.455,10.9,15.4,13.3,6.1,1.8,4.9,12.6,12.3,1.2,1.2,2.5,0.144,-1.1,2.2,1.1,0.7,301,C,4,5.9,10.2,0.58,0.1,0.3,0.2,5.9,10,0.59,2.2,4.1,0.545,4.4,7,11.4,2.2,1.8,3,1.6,5.6,14.1,121,106,3,Golden State Warriors,W,P,58,24,0.707,5.98,114.31,108.43,5.88,5.79,114.33,108.62,5.7
115,USA,21,DET,65,1773,9.1,0.483,0.418,0.264,1.8,13.2,7.4,8.2,2.6,0.6,11.3,16.4,-0.6,2.3,1.8,0.048,-2.6,1.2,-1.4,0.3,260,SF,50,5.5,14.7,0.375,1.8,6.2,0.286,3.8,8.6,0.439,2.9,3.8,0.772,0.9,5.8,6.6,2.9,2.5,0.4,2,4.5,15.8,97,107,19,Detroit Pistons,E,C,39,43,0.476,-0.15,107.95,108.14,-0.19,-0.26,107.84,108.14,-0.3
116,USA,30,ATL,1,5,10.4,1,0,0,22.4,0,11.2,0,0,0,50,17.5,0,0,0,-0.03,-2.3,-6.1,-8.3,0,151,SF,0,9.8,9.8,1,0,0,0.34,9.8,9.8,1,0,0,0.7735,9.8,0,9.8,0,0,0,9.8,9.8,19.5,96,119,26,Atlanta Hawks,E,SE,24,58,0.293,-5.45,105.74,111.21,-5.47,-5.3,105.81,111.12,-5.31
117,Turkey,22,CLE,57,584,10.9,0.605,0.442,0.227,2.7,17,10,6.8,1.6,0.4,14.2,15,0.4,0.4,0.8,0.068,-1.6,-1.5,-3.1,-0.2,385,SF,12,6.6,13.6,0.484,2.3,6.3,0.368,4.2,7.2,0.586,1.9,3.4,0.565,1.4,7.4,8.7,3,1.6,0.2,2.3,5.7,17.3,108,112,14,Cleveland Cavaliers,E,C,50,32,0.61,0.94,113.58,112.56,1.02,0.59,113.61,112.94,0.67
118,USA,28,TOT,48,537,9.5,0.475,0.5,0.238,0.6,14.9,7.7,11.5,0.8,0.6,10.3,24.6,-0.5,0.3,-0.2,-0.02,-3.7,-3.8,-7.5,-0.7,274,SG,0,6.6,23.1,0.287,2.9,11.4,0.256,3.7,11.7,0.318,4.8,5,0.947,0.3,9,9.3,4,0.5,0.3,4.2,2.1,21,80,112,24,Brooklyn Nets,E,A,28,54,0.341,-3.74,107.71,111.51,-3.8,-3.67,107.83,111.55,-3.72
119,USA,26,TOT,79,1724,10.5,0.579,0.42,0.164,2.6,10.2,6.3,6.6,0.5,0.8,9.4,15,1.7,0.6,2.3,0.064,-0.7,-1.7,-2.4,-0.2,326,SF,1,6.4,13.9,0.46,2.2,5.8,0.387,4.1,8.1,0.513,1.7,2.2,0.755,1.4,4.3,5.7,2.1,0.4,0.5,1.4,3.1,16.7,111,115,23,New York Knicks,E,A,29,53,0.354,-3.56,107.72,111.36,-3.65,-3.53,107.77,111.38,-3.61
120,USA,29,MEM,36,691,13.7,0.578,0.517,0.115,2.3,13.1,7.5,16.5,1.3,1.5,12.5,18.3,0.7,0.4,1.1,0.079,0.3,-1.5,-1.2,0.1,392,SF,8,7.9,17.1,0.462,3.7,8.9,0.421,4.2,8.3,0.504,1.2,2,0.63,1,5.6,6.6,5,1.3,0.8,2.6,3.9,20.8,110,113,27,Memphis Grizzlies,W,SW,22,60,0.268,-6.21,105.29,111.85,-6.57,-5.81,105.44,111.59,-6.15
121,Tunisia,31,DAL,61,729,17.8,0.644,0.022,0.482,12.6,25.3,18.8,7.2,1.5,8.2,19,12.8,1.3,1.3,2.7,0.177,-2.1,5.4,3.2,1,334,C,1,6.1,9.4,0.642,0,0.2,0,6.1,9.2,0.657,2.6,4.5,0.576,5.9,11.1,16.9,2.4,1.5,4.6,2.7,8.3,14.7,122,102,22,Dallas Mavericks,W,SW,24,58,0.293,-3.04,106.92,110,-3.08,-2.7,106.96,109.7,-2.74
122,USA,20,LAL,52,1780,12.5,0.444,0.523,0.126,4.2,17.3,10.8,29,2.4,2,18.6,17.4,-0.5,2.5,2,0.053,-0.8,2.4,1.6,1.6,29,PG,50,5.5,15.2,0.36,2.4,7.9,0.305,3,7.2,0.42,0.9,1.9,0.451,1.9,7.8,9.7,10.1,2.4,1.2,3.7,3.1,14.2,97,106,21,Los Angeles Lakers,W,P,35,47,0.427,-1.55,107.1,108.64,-1.54,-1.43,106.96,108.39,-1.43
123,Puerto Rico,33,DAL,69,1603,17.8,0.545,0.454,0.148,1,13.3,7,45.1,1.1,0.2,16.3,24.9,2.3,1.1,3.3,0.1,2.4,-2.2,0.2,0.9,30,PG,10,9.5,21.6,0.439,3.6,9.8,0.367,5.9,11.8,0.499,2.5,3.2,0.784,0.5,5.8,6.3,13.6,1.1,0.1,4.5,2.6,25.1,109,112,22,Dallas Mavericks,W,SW,24,58,0.293,-3.04,106.92,110,-3.08,-2.7,106.96,109.7,-2.74
124,USA,24,PHI,44,668,16.8,0.566,0.144,0.236,8.6,22,15.5,12.8,1.3,3.2,8.4,16.7,1.3,1.1,2.4,0.175,-0.5,1.9,1.4,0.6,224,C,2,8.7,15.5,0.56,0.3,2,0.129,8.4,13.5,0.624,2.4,3.6,0.661,3.7,9.9,13.6,3.9,1.3,1.9,1.6,6.3,20.1,121,103,5,Philadelphia 76ers,E,A,52,30,0.634,4.5,110.28,105.77,4.51,4.3,110.12,105.81,4.31
125,USA,27,TOT,76,2007,10.3,0.531,0.506,0.226,3.1,11.4,7.3,6.9,1.5,0.8,9.5,16.9,1,1.5,2.5,0.06,-0.8,-1,-1.8,0.1,118,SF,47,6.4,15.9,0.404,2.6,8.1,0.323,3.8,7.8,0.488,2.9,3.5,0.818,1.4,5.1,6.5,2.3,1.5,0.5,1.7,4.4,18.3,105,111,2,Toronto Raptors,E,A,59,23,0.72,7.78,114.6,106.56,8.03,7.3,114.5,106.96,7.54
126,USA,36,TOT,51,1129,8.4,0.494,0.404,0.124,1.4,14.7,8.1,10.2,0.8,0.5,11.6,16,-0.2,1.2,0.9,0.04,-3.3,-0.4,-3.7,-0.5,258,SF,1,5,13.1,0.381,1.7,5.9,0.279,3.3,7.1,0.466,1.9,2,0.952,0.2,6.1,6.3,3.7,0.6,0.1,1.8,3.4,13.5,100,110,1,Houston Rockets,W,SW,65,17,0.793,8.48,115.48,106.84,8.64,8.21,115.45,107.08,8.37
127,USA,19,OKC,59,728,7,0.532,0.692,0.063,2.8,3.9,3.3,3.2,1.6,1.2,6.3,10.3,0.5,0.5,1.1,0.07,-1.5,-1.3,-2.8,-0.1,159,SG,12,4.6,11,0.414,2.6,7.8,0.333,2,3.2,0.612,0.6,0.7,0.9,1.2,1.8,3.1,1.2,1.6,0.7,0.7,5.4,12.3,115,111,6,Oklahoma City Thunder,W,NW,48,34,0.585,3.41,111.48,108.02,3.47,3.42,111.5,108.03,3.47
128,Canada,20,DEN,77,2414,16.2,0.577,0.414,0.238,3.6,9.7,6.6,16.3,1.6,0.9,13,22.9,4,1.2,5.1,0.102,1.8,-2.1,-0.2,1.1,361,PG,80,9.3,20.5,0.451,3.2,8.4,0.378,6.1,12.1,0.502,4.4,4.9,0.905,1.6,4.2,5.7,5.3,1.5,0.5,3.3,3.3,26.1,112,113,11,Denver Nuggets,W,NW,46,36,0.561,1.48,113.02,111.4,1.62,1.57,113.21,111.5,1.71
129,USA,26,MIA,15,258,12.4,0.623,0.484,0.094,3.5,8.3,5.9,6.9,1.6,0.7,5.7,12.3,0.4,0.3,0.7,0.131,0.3,-0.6,-0.3,0.1,328,SG,2,6,12.3,0.493,2.5,5.9,0.429,3.5,6.4,0.553,0.7,1.3,0.5,1.8,3.7,5.5,2.9,1.3,0.5,0.7,3.5,15.3,124,110,16,Miami Heat,E,SE,44,38,0.537,0.48,107.63,107.12,0.51,0.15,107.47,107.28,0.18
130,Australia,29,SAS,79,2018,12.1,0.562,0.606,0.178,1.4,7,4.1,16.1,1.3,0.5,12.4,17.8,2.1,2.1,4.2,0.099,1,-1.3,-0.2,0.9,340,PG,36,6.7,16.4,0.411,3.7,9.9,0.372,3,6.4,0.47,2.5,2.8,0.89,0.6,3.1,3.7,5.5,1.3,0.3,2.5,3.1,19.6,109,109,8,San Antonio Spurs,W,SW,47,35,0.573,2.89,108.49,105.36,3.13,2.89,108.35,105.23,3.12
131,USA,31,TOT,65,1783,13.2,0.581,0.399,0.273,2.6,8.9,5.7,14.9,1.6,1.3,13.2,16.4,2.3,0.8,3.1,0.083,0.3,-1,-0.7,0.6,217,PG,60,6.5,14.1,0.46,2.3,5.7,0.415,4.2,8.5,0.49,3,3.9,0.786,1.2,3.8,5,5.1,1.7,0.7,2.4,3.5,18.4,113,113,2,Toronto Raptors,E,A,59,23,0.72,7.78,114.6,106.56,8.03,7.3,114.5,106.96,7.54
132,Germany,39,DAL,77,1900,16.7,0.575,0.445,0.142,1.3,25.1,12.8,10.4,1.1,2.1,6,20.5,2.6,2.2,4.9,0.123,0.1,0.3,0.4,1.2,372,C,77,9.1,20,0.456,3.6,8.9,0.409,5.5,11.1,0.494,2.6,2.9,0.898,0.6,11,11.6,3.2,1.1,1.2,1.3,3.9,24.5,112,108,22,Dallas Mavericks,W,SW,24,58,0.293,-3.04,106.92,110,-3.08,-2.7,106.96,109.7,-2.74
133,USA,32,SAS,72,2416,25.2,0.573,0.07,0.303,10.8,17.1,14,11.5,0.8,3,6.9,29.1,7.3,3.4,10.8,0.214,3.1,0.3,3.4,3.3,7,C,75,13.8,27.1,0.51,0.5,1.9,0.293,13.3,25.3,0.526,6.7,8,0.837,5,7.8,12.8,3.1,0.9,1.8,2.2,3.2,34.9,118,105,8,San Antonio Spurs,W,SW,47,35,0.573,2.89,108.49,105.36,3.13,2.89,108.35,105.23,3.12
134,USA,24,GSW,29,597,13.4,0.6,0.41,0.102,1.6,10.1,6.2,16.7,0.9,0.1,10.8,17.7,1,0.4,1.4,0.11,0.7,-2.7,-2,0,108,PG,18,7.9,16.4,0.484,3,6.8,0.442,4.9,9.6,0.514,1.4,1.6,0.88,0.7,4.7,5.3,5.8,0.8,0.1,2.1,3.8,20.3,115,113,3,Golden State Warriors,W,P,58,24,0.707,5.98,114.31,108.43,5.88,5.79,114.33,108.62,5.7
135,USA,33,MIN,31,188,10.1,0.508,0.449,0.159,4.3,6.2,5.2,15.2,1.6,0,11.9,19.7,0.1,0.1,0.2,0.039,-0.5,-3.7,-4.1,-0.1,65,PG,1,7.4,18.3,0.406,2.9,8.2,0.355,4.5,10.1,0.447,2.1,2.9,0.727,1.9,2.6,4.5,5.3,1.6,0,2.9,7.4,19.8,103,115,10,Minnesota Timberwolves,W,NW,47,35,0.573,2.23,114.24,111.86,2.38,2.35,114.41,111.91,2.5
136,USA,34,TOT,67,1272,12.8,0.561,0.493,0.384,1,9.8,5.3,16.7,1.8,0.8,13,20.1,1.4,0.9,2.3,0.087,-0.3,-1.6,-1.8,0,197,PG,1,7,16.9,0.412,2.9,8.5,0.348,4,8.5,0.476,5.3,6.3,0.835,0.4,4.3,4.7,5.7,1.8,0.4,2.8,5.9,22.2,110,111,2,Toronto Raptors,E,A,59,23,0.72,7.78,114.6,106.56,8.03,7.3,114.5,106.96,7.54
137,Finland,20,CHI,65,1949,15.3,0.551,0.466,0.188,3.9,23.6,13.4,6.2,0.9,1.8,8.1,21.7,1.5,1.6,3.2,0.078,-0.7,-1.2,-1.9,0,314,PF,68,9,20.8,0.434,3.5,9.7,0.362,5.5,11.1,0.497,3.4,4,0.843,1.9,10.4,12.3,1.9,0.9,1,2,2.5,25,107,110,28,Chicago Bulls,E,C,27,55,0.329,-7.04,104.39,111.61,-7.22,-6.84,104.46,111.47,-7.01
138,USA,23,PHI,3,17,24.6,0.82,0.25,0.5,6.6,0,3.2,35.5,2.8,0,17,14.8,0.1,0,0.1,0.298,5,-4,1,0,244,PG,0,8.5,11.3,0.75,2.8,2.8,1,5.7,8.5,0.667,2.8,5.7,0.5,2.8,0,2.8,11.3,2.8,0,2.8,2.8,22.6,150,108,5,Philadelphia 76ers,E,A,52,30,0.634,4.5,110.28,105.77,4.51,4.3,110.12,105.81,4.31
139,USA,28,DEN,32,461,17.4,0.552,0.007,0.345,16.7,20.8,18.7,5.8,1.3,2.4,11.9,18.2,0.9,0.4,1.3,0.13,-1.1,-1.2,-2.3,0,154,PF,7,8.2,15.9,0.514,0,0.1,0,8.2,15.8,0.517,3.9,5.5,0.706,7.3,9.1,16.5,1.9,1.3,1.4,2.5,5.5,20.2,116,110,11,Denver Nuggets,W,NW,46,36,0.561,1.48,113.02,111.4,1.62,1.57,113.21,111.5,1.71
140,USA,21,POR,4,29,17,0.73,0.143,1.286,0,18.6,9.4,10.7,0,0,15.4,19.6,0.1,0,0.1,0.177,-0.6,-2.6,-3.1,0,28,PG,0,8.7,13.1,0.667,2.5,3.1,0.8,6.2,10,0.625,3.7,6.2,0.6,0.6,4.4,5,3.1,1.2,0.6,2.5,7.5,23.6,131,109,9,Portland Trail Blazers,W,NW,49,33,0.598,2.6,109.58,106.93,2.66,2.6,109.44,106.79,2.66
141,USA,29,MEM,36,691,13.7,0.578,0.517,0.115,2.3,13.1,7.5,16.5,1.3,1.5,12.5,18.3,0.7,0.4,1.1,0.079,0.3,-1.5,-1.2,0.1,392,SF,8,7.9,17.1,0.462,3.7,8.9,0.421,4.2,8.3,0.504,1.2,2,0.63,1,5.6,6.6,5,1.3,0.8,2.6,3.9,20.8,110,113,27,Memphis Grizzlies,W,SW,22,60,0.268,-6.21,105.29,111.85,-6.57,-5.81,105.44,111.59,-6.15
142,USA,21,DEN,1,2,0,0.543,0.364,0.222,0,0,0,0,0,0,12.3,0,0,0,0,-0.016,-5.6,-0.9,-6.5,0,307,PF,0,0,0,0.444,0,0,0.34,0,0,0.5,0,0,0.7735,0,0,0,0,0,0,0,0,0,107,120,11,Denver Nuggets,W,NW,46,36,0.561,1.48,113.02,111.4,1.62,1.57,113.21,111.5,1.71
143,USA,30,PHI,70,1094,14.2,0.563,0.123,0.353,11.7,18.3,15.1,13.3,1.9,3.3,16.6,12.7,1.7,1.9,3.6,0.158,-0.6,3.3,2.7,1.3,254,C,18,5.8,10.7,0.538,0.4,1.3,0.313,5.3,9.4,0.57,2.1,3.5,0.612,5.1,8.5,13.6,4.8,1.8,1.8,2.3,7.9,14,121,103,5,Philadelphia 76ers,E,A,52,30,0.634,4.5,110.28,105.77,4.51,4.3,110.12,105.81,4.31
144,Democratic Re...,21,TOT,63,1237,11.6,0.476,0.281,0.246,2.4,11.3,6.8,24.6,1.6,0.8,16.2,24.4,-0.7,0.7,0,0,-2.5,-2.2,-4.7,-0.8,357,PG,14,8.1,20.9,0.388,1.9,5.9,0.318,6.3,15.1,0.415,3.9,5.1,0.76,1,5,6.1,8.2,1.6,0.4,4.5,3.2,22,96,113,2,Toronto Raptors,E,A,59,23,0.72,7.78,114.6,106.56,8.03,7.3,114.5,106.96,7.54
145,USA,30,TOT,64,1085,14.8,0.563,0.089,0.275,10.8,18.7,14.8,11,1.2,1.5,14.1,16.5,1.5,1.2,2.7,0.12,-1.1,0.6,-0.5,0.4,59,PF,7,7.4,14.4,0.516,0.3,1.4,0.242,7.1,13,0.545,2.8,3.9,0.71,4.9,8.4,13.4,3.4,1.2,0.9,2.5,5,18,114,108,2,Toronto Raptors,E,A,59,23,0.72,7.78,114.6,106.56,8.03,7.3,114.5,106.96,7.54
146,USA,33,OKC,75,2413,12.7,0.502,0.404,0.162,2.9,17.8,10.1,6.4,0.9,1.8,7.4,23.3,1.1,2.4,3.5,0.069,-2,-2,-3.9,-1.2,17,PF,78,9.4,23.2,0.404,3.4,9.4,0.357,6,13.8,0.437,2.9,3.8,0.767,1.3,7.7,9,2,0.9,1,2,3.9,25,104,109,6,Oklahoma City Thunder,W,NW,48,34,0.585,3.41,111.48,108.02,3.47,3.42,111.5,108.03,3.47
147,USA,33,HOU,20,115,5.4,0.425,0.69,0.034,0,6.8,3.4,14.9,1.7,0,13.3,26,-0.3,0.1,-0.2,-0.08,-5,-4.3,-9.3,-0.2,69,PG,0,8.1,24.8,0.328,4.7,17.1,0.275,3.4,7.7,0.444,0.4,0.9,0.5,0,3,3,4.7,1.7,0,3.9,2.6,21.4,83,110,1,Houston Rockets,W,SW,65,17,0.793,8.48,115.48,106.84,8.64,8.21,115.45,107.08,8.37
148,USA,27,MIL,72,1869,15.8,0.587,0.015,0.318,9.1,21.6,15.4,8.5,1.1,4.8,13.4,15.1,2.7,2,4.7,0.12,-1.3,1.8,0.5,1.2,210,C,69,7.3,12.7,0.572,0,0.2,0.143,7.2,12.5,0.578,2.3,4,0.57,3.8,9.2,13,2.9,1.1,2.8,2.1,5.1,16.8,115,108,20,Milwaukee Bucks,E,C,44,38,0.537,-0.3,110.67,110.98,-0.31,-0.45,110.7,111.16,-0.46
149,USA,23,PHI,3,17,24.6,0.82,0.25,0.5,6.6,0,3.2,35.5,2.8,0,17,14.8,0.1,0,0.1,0.298,5,-4,1,0,244,PG,0,8.5,11.3,0.75,2.8,2.8,1,5.7,8.5,0.667,2.8,5.7,0.5,2.8,0,2.8,11.3,2.8,0,2.8,2.8,22.6,150,108,5,Philadelphia 76ers,E,A,52,30,0.634,4.5,110.28,105.77,4.51,4.3,110.12,105.81,4.31
150,USA,22,CHI,14,134,3.6,0.386,0.273,0.182,0.8,10.8,5.6,23,1.1,0.7,17.4,28,-0.5,0.1,-0.5,-0.166,-8.2,-3.3,-11.5,-0.3,156,PG,0,7.3,24,0.303,1.5,6.6,0.222,5.8,17.5,0.333,4,4.4,0.917,0.4,4.7,5.1,7.3,1.1,0.4,5.5,4,20,77,114,28,Chicago Bulls,E,C,27,55,0.329,-7.04,104.39,111.61,-7.22,-6.84,104.46,111.47,-7.01
151,USA,26,SAS,9,210,26,0.572,0.315,0.342,3.1,19.1,11.1,17.7,4.3,3.6,11.1,30.6,0.3,0.5,0.9,0.197,2.7,3.2,5.9,0.4,293,SF,9,12.5,26.7,0.468,2.6,8.4,0.314,9.9,18.3,0.539,7.5,9.1,0.816,1.4,8.7,10.1,5.1,4.3,2.2,3.8,2.2,35.1,109,97,8,San Antonio Spurs,W,SW,47,35,0.573,2.89,108.49,105.36,3.13,2.89,108.35,105.23,3.12
152,Australia,33,LAL,23,216,10.9,0.696,0,0.08,12.9,25.5,19.3,9.1,0.9,4.9,42.3,8.8,0.1,0.3,0.4,0.094,-3.6,3.6,0,0.1,56,C,5,3.8,5.5,0.68,0,0,0.34,3.8,5.5,0.68,0.4,0.4,1,5.8,11.5,17.3,3.3,0.9,2.9,4.2,8.9,8,106,104,21,Los Angeles Lakers,W,P,35,47,0.427,-1.55,107.1,108.64,-1.54,-1.43,106.96,108.39,-1.43
153,USA,26,TOT,79,1724,10.5,0.579,0.42,0.164,2.6,10.2,6.3,6.6,0.5,0.8,9.4,15,1.7,0.6,2.3,0.064,-0.7,-1.7,-2.4,-0.2,326,SF,4,6.7,14.3,0.467,2.6,6.1,0.426,4.1,8.2,0.497,1.8,2.3,0.79,1.1,4.5,5.6,2.2,0.5,0.5,1.6,3.4,17.7,111,115,2,Toronto Raptors,E,A,59,23,0.72,7.78,114.6,106.56,8.03,7.3,114.5,106.96,7.54
154,USA,19,IND,10,28,23.2,0.558,0,0.667,20.4,16.1,18.2,0,1.8,9.5,14.7,21.8,0.1,0,0.1,0.177,-4.1,-1.4,-5.4,0,15,C,0,6.7,15,0.444,0,0,0.34,6.7,15,0.444,8.3,10,0.833,8.3,6.7,15,0,1.7,5,3.3,1.7,21.7,114,104,13,Indiana Pacers,E,C,48,34,0.585,1.38,110.24,108.8,1.44,1.18,110.17,108.94,1.24
155,USA,20,IND,50,428,10.5,0.554,0.322,0.099,6.9,13.4,10.2,2.6,0.6,0.8,7.3,14.2,0.5,0.3,0.7,0.084,-1.9,-2.7,-4.7,-0.3,288,PF,0,7,14.8,0.471,2,4.6,0.429,5,10.2,0.489,1.1,1.7,0.625,3.2,5.8,8.9,1,0.5,0.4,1.1,4.9,17,113,112,13,Indiana Pacers,E,C,48,34,0.585,1.38,110.24,108.8,1.44,1.18,110.17,108.94,1.24
156,Turkey,22,CLE,57,584,10.9,0.605,0.442,0.227,2.7,17,10,6.8,1.6,0.4,14.2,15,0.4,0.4,0.8,0.068,-1.6,-1.5,-3.1,-0.2,385,SF,12,6.6,13.6,0.484,2.3,6.3,0.368,4.2,7.2,0.586,1.9,3.4,0.565,1.4,7.4,8.7,3,1.6,0.2,2.3,5.7,17.3,108,112,14,Cleveland Cavaliers,E,C,50,32,0.61,0.94,113.58,112.56,1.02,0.59,113.61,112.94,0.67
157,USA,25,PHI,3,18,7.5,0.508,1,0.286,0,11.6,6,0,0,4.6,11.3,21.1,0,0,0,0.023,-4.3,-4.4,-8.8,0,320,PF,0,5.3,18.7,0.286,5.3,18.7,0.286,0,0,0.5,5.3,5.3,1,0,5.3,5.3,0,0,2.7,2.7,2.7,21.4,94,108,5,Philadelphia 76ers,E,A,52,30,0.634,4.5,110.28,105.77,4.51,4.3,110.12,105.81,4.31
158,USA,31,TOT,69,1121,11.1,0.535,0.331,0.297,3.7,10.3,7,7.7,3.2,1.1,12.8,14.3,0.6,1.5,2.1,0.089,-1.8,1,-0.8,0.3,63,SF,2,5.4,11.9,0.453,0.6,3,0.186,4.8,8.9,0.543,2.3,3.5,0.667,1.6,4.8,6.4,2.8,2.8,0.6,2.6,5.7,13.6,97,107,21,Los Angeles Lakers,W,P,35,47,0.427,-1.55,107.1,108.64,-1.54,-1.43,106.96,108.39,-1.43
159,USA,21,DEN,1,2,0,0.543,0.364,0.222,0,0,0,0,0,0,12.3,0,0,0,0,-0.016,-5.6,-0.9,-6.5,0,307,PF,0,0,0,0.444,0,0,0.34,0,0,0.5,0,0,0.7735,0,0,0,0,0,0,0,0,0,107,120,11,Denver Nuggets,W,NW,46,36,0.561,1.48,113.02,111.4,1.62,1.57,113.21,111.5,1.71
160,USA,19,BRK,68,1341,17.6,0.634,0.037,0.387,10.9,17.7,14.3,5.6,1,4.1,15.3,16.7,2.5,1.3,3.9,0.139,-1.1,1.2,0.1,0.7,8,C,31,7.9,13.4,0.589,0.2,0.5,0.333,7.7,12.9,0.599,3.8,5,0.776,4.9,8.2,13.1,1.7,0.9,3,2.8,5,19.8,119,108,24,Brooklyn Nets,E,A,28,54,0.341,-3.74,107.71,111.51,-3.8,-3.67,107.83,111.55,-3.72
161,USA,22,TOT,15,137,2.9,0.375,0.279,0.176,1.5,10.5,5.9,22.5,1.1,0.6,17.9,28.4,-0.6,0.1,-0.5,-0.185,-8.7,-3.5,-12.1,-0.3,156,PG,0,7.3,24.4,0.3,1.4,6.6,0.211,5.9,17.8,0.333,3.8,4.2,0.917,1,5.2,6.3,7,1,0.3,5.6,3.8,19.9,76,113,2,Toronto Raptors,E,A,59,23,0.72,7.78,114.6,106.56,8.03,7.3,114.5,106.96,7.54
162,USA,28,ATL,54,1014,10.7,0.519,0.435,0.323,1,10,5.5,23.5,1.7,0.5,16.9,16.9,0.4,0.6,1,0.047,-2,-1.6,-3.6,-0.4,127,PG,3,5.3,13.7,0.382,2.2,6,0.371,3,7.8,0.391,3.6,4.4,0.804,0.4,4.4,4.8,7.9,1.7,0.3,3.2,4,16.3,104,113,26,Atlanta Hawks,E,SE,24,58,0.293,-5.45,105.74,111.21,-5.47,-5.3,105.81,111.12,-5.31
163,USA,29,NOP,2,37,15.7,0.643,0.357,0,6.1,2.8,4.4,35.7,0,2.2,22.2,21.1,0.1,0,0.1,0.124,1.3,-4.7,-3.4,0,117,SG,0,10.8,24.3,0.444,7.2,12.6,0.571,3.6,11.7,0.308,0.9,0.9,1,1.8,1.8,3.6,11.7,0.9,0.9,4.5,6.3,29.7,116,113,12,New Orleans Pelicans,W,SW,48,34,0.585,1.3,110.29,109.05,1.24,1.48,110.37,108.95,1.42
164,USA,27,TOT,46,1433,9.7,0.496,0.325,0.131,1.7,7.3,4.5,10.4,1.8,0.5,13.3,23.5,-1.4,1.3,-0.1,-0.005,-2.8,-1.3,-4.1,-0.8,61,SG,6,7.7,16.2,0.473,0.3,2.7,0.111,7.4,13.6,0.543,0.6,0.6,1,0.9,5.6,6.5,3.2,1.5,0.3,2.4,3.5,16.2,96,112,17,Los Angeles Clippers,W,P,42,40,0.512,0.04,110.97,111.02,-0.05,0.15,111.06,111,0.07
165,USA,27,PHI,76,2408,12.8,0.562,0.656,0.162,2.5,15.3,9.1,8.7,2.6,2.2,12.3,17.5,1.5,4.2,5.7,0.113,0.4,2,2.4,2.7,113,SF,80,6.6,15.9,0.413,3.9,10.4,0.369,2.7,5.4,0.497,2.2,2.6,0.853,1,7.2,8.2,3,2.6,1.4,2.4,4.5,19.2,107,103,5,Philadelphia 76ers,E,A,52,30,0.634,4.5,110.28,105.77,4.51,4.3,110.12,105.81,4.31
166,USA,26,DET,62,1732,13.6,0.615,0.515,0.09,1.7,8.3,4.9,8.4,1.4,0.7,7.6,15.7,2.8,1.5,4.3,0.118,1.3,-0.6,0.7,1.2,76,SF,52,7.7,15.7,0.489,3.6,8.1,0.445,4.1,7.6,0.536,1.1,1.4,0.796,0.8,3.7,4.4,2.7,1.4,0.4,1.4,2,20.1,118,110,19,Detroit Pistons,E,C,39,43,0.476,-0.15,107.95,108.14,-0.19,-0.26,107.84,108.14,-0.3
167,USA,22,GSW,11,54,10.7,0.765,0,0.4,9,11.6,10.4,0,0,2.9,20.3,12,0.1,0,0.1,0.102,-2.6,-3.8,-6.4,-0.1,264,C,0,6,11.9,0.5,0,0,0.34,6,11.9,0.5,1.6,2.7,0.6,2.7,4.9,7.6,1.1,0.5,1.6,2.2,7.6,13.5,99,111,3,Golden State Warriors,W,P,58,24,0.707,5.98,114.31,108.43,5.88,5.79,114.33,108.62,5.7
168,USA,30,TOT,70,1499,9.7,0.542,0.474,0.149,5.1,14.5,9.9,4.1,1.2,1.4,8.1,11.5,1,1.2,2.2,0.071,-1.5,-0.1,-1.6,0.2,119,SF,25,5,11.2,0.451,1.8,5.2,0.345,3.3,6,0.541,1,1.6,0.596,2.4,6.8,9.2,1.5,1.2,0.9,1,3.4,12.8,110,110,2,Toronto Raptors,E,A,59,23,0.72,7.78,114.6,106.56,8.03,7.3,114.5,106.96,7.54
169,USA,27,TOT,76,2007,10.3,0.531,0.506,0.226,3.1,11.4,7.3,6.9,1.5,0.8,9.5,16.9,1,1.5,2.5,0.06,-0.8,-1,-1.8,0.1,118,SF,47,5.7,13.7,0.418,2.3,6.9,0.328,3.5,6.8,0.508,2.8,3.3,0.848,1.5,4.8,6.3,2.1,1.5,0.4,1.5,4.5,16.5,109,113,14,Cleveland Cavaliers,E,C,50,32,0.61,0.94,113.58,112.56,1.02,0.59,113.61,112.94,0.67
170,USA,30,MEM,12,373,15.5,0.52,0.458,0.393,0,8.6,4.2,22.3,1.6,0.8,8.4,25.9,0.4,0.2,0.6,0.079,1.2,-3.4,-2.2,0,106,PG,12,8.7,22.8,0.381,3.3,10.4,0.312,5.4,12.3,0.44,7.2,8.9,0.803,0,3.7,3.7,6.6,1.6,0.4,2.4,3.3,27.8,108,114,27,Memphis Grizzlies,W,SW,22,60,0.268,-6.21,105.29,111.85,-6.57,-5.81,105.44,111.59,-6.15
171,USA,21,DET,65,1773,9.1,0.483,0.418,0.264,1.8,13.2,7.4,8.2,2.6,0.6,11.3,16.4,-0.6,2.3,1.8,0.048,-2.6,1.2,-1.4,0.3,260,SF,50,5.5,14.7,0.375,1.8,6.2,0.286,3.8,8.6,0.439,2.9,3.8,0.772,0.9,5.8,6.6,2.9,2.5,0.4,2,4.5,15.8,97,107,19,Detroit Pistons,E,C,39,43,0.476,-0.15,107.95,108.14,-0.19,-0.26,107.84,108.14,-0.3
172,USA,23,MEM,73,1661,10.5,0.516,0.198,0.234,6.6,15.8,11.1,7,1.2,2.8,13.6,17.1,0.1,1.3,1.4,0.04,-3.1,0.1,-3,-0.4,315,PF,36,6.7,15.1,0.446,1,3,0.347,5.7,12.1,0.47,2.7,3.5,0.767,3,6.7,9.7,2.2,1.2,1.5,2.6,6.4,17.2,101,111,27,Memphis Grizzlies,W,SW,22,60,0.268,-6.21,105.29,111.85,-6.57,-5.81,105.44,111.59,-6.15
173,USA,29,NOP,2,37,15.7,0.643,0.357,0,6.1,2.8,4.4,35.7,0,2.2,22.2,21.1,0.1,0,0.1,0.124,1.3,-4.7,-3.4,0,117,SG,0,10.8,24.3,0.444,7.2,12.6,0.571,3.6,11.7,0.308,0.9,0.9,1,1.8,1.8,3.6,11.7,0.9,0.9,4.5,6.3,29.7,116,113,12,New Orleans Pelicans,W,SW,48,34,0.585,1.3,110.29,109.05,1.24,1.48,110.37,108.95,1.42
174,Puerto Rico,24,DAL,7,64,7.4,0.53,0.833,0.111,1.7,10.7,6.1,6.7,1.6,0,9.6,14.8,0,0,0.1,0.043,-1.7,-1.8,-3.5,0,99,SG,0,4.7,14.1,0.333,4.7,11.8,0.4,0,2.4,0,1.6,1.6,1,0.8,4.7,5.5,2.4,1.6,0,1.6,6.3,15.7,102,111,22,Dallas Mavericks,W,SW,24,58,0.293,-3.04,106.92,110,-3.08,-2.7,106.96,109.7,-2.74
175,USA,25,PHI,72,1651,12.3,0.546,0.148,0.096,2.4,11.5,7.1,24.7,2.6,0.6,20.8,13.8,1.2,2.4,3.6,0.105,-1.9,1.1,-0.7,0.5,323,PG,1,5.9,11.9,0.499,0.8,1.7,0.435,5.2,10.1,0.51,0.9,1.1,0.795,1,5.3,6.4,8.5,2.6,0.4,3.2,3.4,13.5,109,105,5,Philadelphia 76ers,E,A,52,30,0.634,4.5,110.28,105.77,4.51,4.3,110.12,105.81,4.31
176,USA,30,DAL,2,6,-12.5,0,1,0,0,0,0,0,0,0,0,7.6,0,0,0,-0.189,-9.8,-2.3,-12.1,0,332,PF,0,0,8.4,0,0,8.4,0,0,0,0.5,0,0,0.7735,0,0,0,0,0,0,0,16.7,0,0,117,22,Dallas Mavericks,W,SW,24,58,0.293,-3.04,106.92,110,-3.08,-2.7,106.96,109.7,-2.74
177,USA,24,LAC,72,1190,24.9,0.656,0.012,0.417,9.3,17.1,13.3,9.2,1.3,3.3,9.8,23.8,4.1,1.2,5.3,0.213,2.4,-0.1,2.3,1.3,196,C,3,13.1,20.6,0.635,0,0.3,0.143,13,20.3,0.641,5.2,8.3,0.626,3.9,7.6,11.5,2.8,1.4,2,2.6,5.4,31.4,124,109,17,Los Angeles Clippers,W,P,42,40,0.512,0.04,110.97,111.02,-0.05,0.15,111.06,111,0.07
178,USA,28,BOS,52,1398,14.8,0.547,0.385,0.255,3.4,18.7,11.2,8,1.2,0.7,8.8,23,1.2,2.1,3.3,0.115,-0.9,-0.5,-1.4,0.2,352,PF,21,9.1,21.2,0.429,3,8.1,0.368,6.1,13.1,0.467,4.3,5.3,0.805,1.5,8.5,10,2.5,1.2,0.4,2.3,3.5,25.4,106,105,7,Boston Celtics,E,A,55,27,0.671,3.59,108.4,104.65,3.75,3.24,108.14,104.75,3.39
179,USA,27,NOP,78,1847,9.4,0.619,0.746,0.131,1,7.9,4.6,7.7,0.6,0.7,10.1,12.8,2.1,0.8,2.9,0.075,0.6,-1.7,-1.1,0.4,338,SF,3,5.3,12,0.444,3.6,8.8,0.411,1.7,3.2,0.535,1.4,1.6,0.866,0.4,3.6,4,2.7,0.7,0.4,1.4,3.9,15.6,115,113,12,New Orleans Pelicans,W,SW,48,34,0.585,1.3,110.29,109.05,1.24,1.48,110.37,108.95,1.42
180,USA,28,TOT,49,708,10.2,0.587,0.72,0.104,1.1,14.1,7.6,6.6,0.6,0.8,7.9,14.9,0.6,0.4,1,0.067,-0.8,-2.1,-3,-0.2,25,SF,14,6.3,14.8,0.423,4.1,10.7,0.385,2.1,4.1,0.525,1.2,1.5,0.773,0.5,6.1,6.6,2.1,0.5,0.5,1.3,3.7,17.8,109,113,2,Toronto Raptors,E,A,59,23,0.72,7.78,114.6,106.56,8.03,7.3,114.5,106.96,7.54
